id,class,group_id,split,width,height,fps,frames,duration_seconds,bit_depth,signal,scope,audio_streams,source_bytes,upstream_bytes,sha256,upstream_sha256,license,source,url,canonical_copy
artistic-concert,e_nonpristine,annalynn-concert,calibration_reserved,1920,1080,25/1,130,5.200000,8,SDR,sdr_8bit,0,404352842,404352842,ff134aa7f3f5d703f3152b3664613ecd13fe243fb18e230e70d0e451087091c2,ff134aa7f3f5d703f3152b3664613ecd13fe243fb18e230e70d0e451087091c2,CC-BY-SA-4.0,artistic-concert/Artistic_Concert_1920x1080_25fps.y4m,https://media.xiph.org/video/aomctc/test_set/e_nonpristine/Artistic_Concert_1920x1080_25fps.y4m,False
artistic-intro,e_nonpristine,catarsis-la-falacia,test_reserved,1920,1080,30000/1001,130,4.337667,8,SDR,sdr_8bit,0,404352848,404352848,99d9894e4455bf93eeb931070b0eb55c9efbfc0addb6d79e34321c0bf616f598,99d9894e4455bf93eeb931070b0eb55c9efbfc0addb6d79e34321c0bf616f598,CC-BY-SA-4.0,artistic-intro/Artistic_Intro_1920x1080_2997fps.y4m,https://media.xiph.org/video/aomctc/test_set/e_nonpristine/Artistic_Intro_1920x1080_2997fps.y4m,False
cosmos-caterpillar-hdr10,hdr2_2k,cosmos-laundromat-2015,calibration_reserved,2048,858,24/1,130,5.416667,10,HDR-PQ,precision_or_hdr_boundary,0,685302597,685302597,cc7962f623fe5305ad4644873643a049e045902196bca0263fcc83ff19b2f1d6,cc7962f623fe5305ad4644873643a049e045902196bca0263fcc83ff19b2f1d6,CC-BY-3.0,cosmos-caterpillar-hdr10/CosmosCaterpillar_2048x858p24_hdr10.y4m,https://media.xiph.org/video/aomctc/test_set/hdr2_2k/CosmosCaterpillar_2048x858p24_hdr10.y4m,False
cosmos-hdr-long,workflow-long,cosmos-laundromat-2015,calibration_reserved,2048,858,24000/1001,18192,758.758000,8,HDR-PQ,precision_or_hdr_boundary,0,729482878,729482878,4762d0d77ce6c09371032e0c6b4dbda8ad781237b5264829857eefeed7a3b40a,4762d0d77ce6c09371032e0c6b4dbda8ad781237b5264829857eefeed7a3b40a,CC-BY-4.0,cosmos-hdr-long/CosmosLaundromat_2k24p_HDR_P3PQ.mp4,https://download.opencontent.netflix.com.s3.amazonaws.com/CosmosLaundromat/CosmosLaundromat_2k24p_HDR_P3PQ.mp4,False
cosmos-sdr-long,workflow-long,cosmos-laundromat-2015,calibration_reserved,2048,858,24/1,17520,730.069333,8,SDR,sdr_8bit,1,491245034,491245034,96ace08a4d61878cfb7cc8b850b7f5aa7ba304de45017eaf832ccd3d52893130,96ace08a4d61878cfb7cc8b850b7f5aa7ba304de45017eaf832ccd3d52893130,CC-BY-4.0,cosmos-sdr-long/CosmosLaundromat_2048x858_24fps_SDR.mp4,https://download.opencontent.netflix.com.s3.amazonaws.com/TechblogAssets/CosmosLaundromat/encodes/CosmosLaundromat_2048x858_24fps_SDR.mp4,False
debugging,b2_scc,netflix-screen-capture-2021,calibration_reserved,1920,1080,30/1,130,4.333333,8,SDR,sdr_8bit,0,404352840,404352840,8004be81aedb40f9c26db25ff72d8725d832ef3b95747fb4c9fc8a3693eb4e8e,8004be81aedb40f9c26db25ff72d8725d832ef3b95747fb4c9fc8a3693eb4e8e,CC-BY-4.0,debugging/Debugging_1920x1080_30fps_8bit_420.y4m,https://media.xiph.org/video/aomctc/test_set/b2_scc/Debugging_1920x1080_30fps_8bit_420.y4m,False
glass-half,b1_syn,glass-half-2015,calibration_reserved,1920,1080,24/1,130,5.416667,8,SDR,sdr_8bit,0,404352840,404352840,c3cb8a98956968ce69a58d210a7d2aea85b5dabefa3f22da31f7923a5dd4e658,c3cb8a98956968ce69a58d210a7d2aea85b5dabefa3f22da31f7923a5dd4e658,CC-BY-4.0,glass-half/GlassHalf_1920x1080p_24p_8bit_420.y4m,https://media.xiph.org/video/aomctc/test_set/b1_syn/GlassHalf_1920x1080p_24p_8bit_420.y4m,False
meridian-hdr-long,workflow-long,meridian-2016,test_reserved,3840,2160,60000/1001,43093,718.934883,8,HDR-PQ,precision_or_hdr_boundary,0,850587087,850587087,e14ff5ab8ce4cc90269e8ed45babcf6e25d7a073b71438b3e7ffee5901a7177e,e14ff5ab8ce4cc90269e8ed45babcf6e25d7a073b71438b3e7ffee5901a7177e,CC-BY-4.0,meridian-hdr-long/Meridian_UHD4k5994_HDR_P3PQ.mp4,https://download.opencontent.netflix.com.s3.amazonaws.com/Meridian/Meridian_UHD4k5994_HDR_P3PQ.mp4,False
meridian-sdr-long,workflow-long,meridian-2016,test_reserved,3840,2160,60000/1001,43093,719.018667,8,SDR,sdr_8bit,1,1299914020,1299914020,526b5dad800cdbd7f208bd35d717928bda0ee712a2dd21a6326a43a80717e496,526b5dad800cdbd7f208bd35d717928bda0ee712a2dd21a6326a43a80717e496,CC-BY-4.0,meridian-sdr-long/Meridian_3840x2160_5994fps_SDR.mp4,https://download.opencontent.netflix.com.s3.amazonaws.com/TechblogAssets/Meridian/encodes/Meridian_3840x2160_5994fps_SDR.mp4,False
mobile-sharing,b2_scc,yuchen-screen-capture-family,test_reserved,1078,2220,15/1,130,8.666667,8,SDR,sdr_8bit,0,466667040,466667040,a446b655410e8bec834ec9790d5ac6a2b07e72395f48ea5806697b327a309ada,a446b655410e8bec834ec9790d5ac6a2b07e72395f48ea5806697b327a309ada,CC-BY-SA-4.0,mobile-sharing/MobileDeviceScreenSharing.y4m,https://media.xiph.org/video/aomctc/test_set/b2_scc/MobileDeviceScreenSharing.y4m,False
motorcycle,a2_2k,birkbeck-capture-family,calibration_reserved,1920,1080,30/1,130,4.333333,8,SDR,sdr_8bit,0,404352842,404352842,97bd46f2713e2392c27c48f0316cf11c5bde4aee7e3df8f5c1d70bc942250589,97bd46f2713e2392c27c48f0316cf11c5bde4aee7e3df8f5c1d70bc942250589,CC-BY-SA-4.0,motorcycle/Motorcycle_1920x1080_30fps_8bit.y4m,https://media.xiph.org/video/aomctc/test_set/a2_2k/Motorcycle_1920x1080_30fps_8bit.y4m,False
mountain-bike,a2_2k,birkbeck-capture-family,calibration_reserved,1920,1080,30/1,130,4.333333,8,SDR,sdr_8bit,0,404352840,404352840,7b5f6dd23d8d5cde7623b208d2ab73c0e737150f7615c1e5b313bfcf69018261,7b5f6dd23d8d5cde7623b208d2ab73c0e737150f7615c1e5b313bfcf69018261,CC-BY-SA-4.0,mountain-bike/MountainBike_1920x1080_30fps_8bit.y4m,https://media.xiph.org/video/aomctc/test_set/a2_2k/MountainBike_1920x1080_30fps_8bit.y4m,False
neon-4k,a1_4k,skinner-capture-family,calibration_reserved,3840,2160,30000/1001,130,4.337667,10,SDR,precision_or_hdr_boundary,0,3234816844,3234816844,99a0f351de7b8c227bc19b4b6c989d65bdaab89b6a0342b79dfed4f872dfd0a8,99a0f351de7b8c227bc19b4b6c989d65bdaab89b6a0342b79dfed4f872dfd0a8,CC-BY-SA-4.0,neon-4k/Neon1224_3840x2160_2997fps.y4m,https://media.xiph.org/video/aomctc/test_set/a1_4k/Neon1224_3840x2160_2997fps.y4m,False
noise-ocean-game,e_nonpristine,hellblade-brfabinho,test_reserved,1920,1080,60/1,130,2.166667,8,SDR,sdr_8bit,0,404352842,404352842,4476c6f068d5e29551cca2fdcdb6a02ca0b9f8943a2e083ce2d129c2726e0803,4476c6f068d5e29551cca2fdcdb6a02ca0b9f8943a2e083ce2d129c2726e0803,CC-BY-SA-4.0,noise-ocean-game/Noise_Ocean_1920x1080_60fps.y4m,https://media.xiph.org/video/aomctc/test_set/e_nonpristine/Noise_Ocean_1920x1080_60fps.y4m,False
noise-soccer-game,e_nonpristine,pes2017-ady-metzeler,calibration_reserved,1920,1080,50/1,130,2.600000,8,SDR,sdr_8bit,0,404352842,404352843,a354bbe4a8faf950fbadc221e5d5c96dd72b3ebb43b2aef2f9ec822261800bfb,91c8109f11dee1915191a9eecd912864128e6302afc757aa8f90a81f29a6640b,CC-BY-SA-4.0,noise-soccer-game/Noise_Soccer_1920x1080_50fps.canonical.y4m,https://media.xiph.org/video/aomctc/test_set/e_nonpristine/Noise_Soccer_1920x1080_50fps.y4m,True
scene-composition,b2_scc,yuchen-screen-capture-family,test_reserved,1920,1080,15/1,130,8.666667,8,SDR,sdr_8bit,0,404352840,404352840,efc83d8702488a7d5b8c1cc9262c175becbc9f65e1256a2d0022141f16bb61c3,efc83d8702488a7d5b8c1cc9262c175becbc9f65e1256a2d0022141f16bb61c3,CC-BY-SA-4.0,scene-composition/SceneComposition_1.y4m,https://media.xiph.org/video/aomctc/test_set/b2_scc/SceneComposition_1.y4m,False
shaky-baseball-4k,e_nonpristine,hirune5656-marines,test_reserved,3840,2160,60000/1001,130,2.168833,8,SDR,sdr_8bit,0,1617408848,1617408849,8b2a2eb0e2eb3803c3ad44cccf4bd48551e02d83d089c475968a2a221a2418ea,3085fea7f3cb07a9f6ba9fce9f452a4df428a6e8a4f9f55a442b1b0c2812ab70,CC-BY-SA-4.0,shaky-baseball-4k/Shaky_Baseball_3840x2160_5994fps.canonical.y4m,https://media.xiph.org/video/aomctc/test_set/e_nonpristine/Shaky_Baseball_3840x2160_5994fps.y4m,True
shaky-fireworks-4k,e_nonpristine,aivaras-mazda-vlog,test_reserved,3840,2160,30000/1001,130,4.337667,8,SDR,sdr_8bit,0,1617408848,1617408848,9a3c3a6df0bf50adb1e692377f1376026e398719e6e889a2f1b154a1d373034e,9a3c3a6df0bf50adb1e692377f1376026e398719e6e889a2f1b154a1d373034e,CC-BY-SA-4.0,shaky-fireworks-4k/Shaky_Fireworks_3840x2160_2997fps.y4m,https://media.xiph.org/video/aomctc/test_set/e_nonpristine/Shaky_Fireworks_3840x2160_2997fps.y4m,False
shaky-walk,e_nonpristine,maks-zoo-vlog19,test_reserved,1920,1080,25/1,130,5.200000,8,SDR,sdr_8bit,0,404352842,404352842,1401b5031a8b427fe96514691c305654eb196a8219fd7fe0b5ab2a7b3a6b7d22,1401b5031a8b427fe96514691c305654eb196a8219fd7fe0b5ab2a7b3a6b7d22,CC-BY-SA-4.0,shaky-walk/Shaky_Walk_1920x1080_25fps.y4m,https://media.xiph.org/video/aomctc/test_set/e_nonpristine/Shaky_Walk_1920x1080_25fps.y4m,False
spreadsheet,b2_scc,netflix-screen-capture-2021,calibration_reserved,1920,1080,30/1,130,4.333333,8,SDR,sdr_8bit,0,404352840,404352840,0327e8ddf4ef5fe8dfd0e4c7accb228a8c19a3cee3362f619b10c3c765eaf70b,0327e8ddf4ef5fe8dfd0e4c7accb228a8c19a3cee3362f619b10c3c765eaf70b,CC-BY-4.0,spreadsheet/Spreadsheet_1920x1080_30fps_8bit_420_130f.y4m,https://media.xiph.org/video/aomctc/test_set/b2_scc/Spreadsheet_1920x1080_30fps_8bit_420_130f.y4m,False
trees-grass,a2_2k,trees-grass,test_reserved,1920,1080,30/1,130,4.333333,8,SDR,sdr_8bit,0,404352840,404352840,0cc6405eb5f37318951d780dd1d4b0a3c0763aa087ba32fd9b89b1dededc4ccb,0cc6405eb5f37318951d780dd1d4b0a3c0763aa087ba32fd9b89b1dededc4ccb,CC-BY-SA-4.0,trees-grass/TreesAndGrass_1920_1080_30fps_8bit.y4m,https://media.xiph.org/video/aomctc/test_set/a2_2k/TreesAndGrass_1920_1080_30fps_8bit.y4m,False
vertical-bees,a2_2k,skinner-capture-family,calibration_reserved,1080,1920,30000/1001,130,4.337667,8,SDR,sdr_8bit,0,404352846,404352846,54c072dfae502a16db3f7328ec381e1a09029ce5e446874977d62c4b5f2864f9,54c072dfae502a16db3f7328ec381e1a09029ce5e446874977d62c4b5f2864f9,CC-BY-SA-4.0,vertical-bees/Vertical_bees_1080x1920_2997.y4m,https://media.xiph.org/video/aomctc/test_set/a2_2k/Vertical_bees_1080x1920_2997.y4m,False
vertical-carnaby,a2_2k,skinner-capture-family,calibration_reserved,1080,1920,60000/1001,130,2.168833,8,SDR,sdr_8bit,0,404352846,404352846,e8de467ba68c950847495a2a3748d18abc93564ab9de560bce858876c8dca15b,e8de467ba68c950847495a2a3748d18abc93564ab9de560bce858876c8dca15b,CC-BY-SA-4.0,vertical-carnaby/Vertical_Carnaby_1080x1920_5994.y4m,https://media.xiph.org/video/aomctc/test_set/a2_2k/Vertical_Carnaby_1080x1920_5994.y4m,False
walking-street,a2_2k,walking-street,test_reserved,1080,1920,30/1,130,4.333333,8,SDR,sdr_8bit,0,404352840,404352840,4ff5db10965fff3cf47b706461a88767ed4a52ba4d78fccd89c6d2564a5f7c22,4ff5db10965fff3cf47b706461a88767ed4a52ba4d78fccd89c6d2564a5f7c22,CC-BY-SA-4.0,walking-street/WalkingInStreet_1920x1080_30fps.y4m,https://media.xiph.org/video/aomctc/test_set/a2_2k/WalkingInStreet_1920x1080_30fps.y4m,False
