case,width,height,fps,frames,continuous_bytes,segmented_bytes,file_delta_relative,continuous_psnr_db,segmented_psnr_db,psnr_delta_db,continuous_ssim_all,segmented_ssim_all,ssim_delta_all
scene-composition,1920,1080,15,130,1081186,3641885,2.3684167201573088,46.60447,44.091517,-2.512952999999996,0.99577,0.993329,-0.0024410000000000265
mobile-sharing,1078,2220,15,130,909987,2776724,2.0513886462114295,47.260303,44.573208,-2.6870949999999993,0.999148,0.998648,-0.000500000000000056
artistic-intro,1920,1080,30000/1001,130,5198501,5435842,0.04565566112231201,39.492111,39.331453,-0.16065799999999797,0.973898,0.973288,-0.0006099999999999994
noise-ocean-game,1920,1080,60,130,7874724,7119484,-0.0959068533703531,44.558398,43.764627,-0.7937709999999996,0.973503,0.96781,-0.005693000000000059
shaky-baseball-4k,3840,2160,60000/1001,130,6212486,6626579,0.06665495906147711,42.881842,42.820716,-0.06112600000000157,0.974279,0.97426,-1.8999999999991246e-05
shaky-fireworks-4k,3840,2160,30000/1001,130,12753861,13213022,0.036001725281465724,50.666062,50.818354,0.15229200000000276,0.993732,0.993939,0.00020700000000006824
shaky-walk,1920,1080,25,130,10973312,11415050,0.040255667568734,40.216546,40.264666,0.048119999999997276,0.978992,0.978976,-1.6000000000016e-05
trees-grass,1920,1080,30,130,13164537,14491375,0.1007888085999531,34.150803,34.01298,-0.13782300000000447,0.952681,0.951659,-0.0010219999999999674
walking-street,1080,1920,30,130,11644351,12101437,0.03925388370721561,35.15322,35.063696,-0.08952399999999727,0.931685,0.931076,-0.0006089999999999707
