case,budget_fraction,method,sample_count,observed_indices,predicted_file_bytes,reference_file_bytes,file_relative_error,payload_relative_error,startup_i_excess_observed_mean,estimated_nonstartup_keyframe_count,periodic_i_excess_bytes,predicted_container_bytes,reserved_encode_seconds,costed_total_wall_seconds,costed_vs_full_encode_wall_ratio,reused_probe_count
static,0.2,uncorrected,4,"[0, 12, 18, 3]",34939,18261,0.9133125239581623,1.6059103908484271,54.565217391304344,0.0,163.69565217391303,7603.0,4.0,1.6565839819813846,3.1881140132699466,4
static,0.2,deSEI_only,4,"[0, 12, 18, 3]",19069,18261,0.044247302995454874,0.09304099142040045,54.565217391304344,0.0,163.69565217391303,7603.0,4.0,1.6565839819813846,3.1881140132699466,4
static,0.2,deSEI_startupI_periodic,4,"[0, 12, 18, 3]",17923,18261,-0.018509391599583758,-0.01619347618850242,54.565217391304344,0.0,163.69565217391303,7603.0,4.0,1.6565839819813846,3.1881140132699466,4
static,0.25,uncorrected,6,"[0, 12, 18, 3, 6, 2]",34939,18261,0.9133125239581623,1.6059103908484271,54.565217391304344,0.0,163.69565217391303,7603.0,6.0,2.2029665199806914,4.239633190654558,6
static,0.25,deSEI_only,6,"[0, 12, 18, 3, 6, 2]",19069,18261,0.044247302995454874,0.09304099142040045,54.565217391304344,0.0,163.69565217391303,7603.0,6.0,2.2029665199806914,4.239633190654558,6
static,0.25,deSEI_startupI_periodic,6,"[0, 12, 18, 3, 6, 2]",17923,18261,-0.018509391599583758,-0.01619347618850242,54.565217391304344,0.0,163.69565217391303,7603.0,6.0,2.2029665199806914,4.239633190654558,6
motion,0.2,uncorrected,4,"[11, 1, 18, 14]",919360,853251,0.07747895988401998,0.07834138981383387,4054.0652173913045,0.0,12162.195652173914,7411.0,4.0,2.3648308910269407,1.2340643624121095,4
motion,0.2,deSEI_only,4,"[11, 1, 18, 14]",903490,853251,0.05887950907763373,0.05957578136824582,4054.0652173913045,0.0,12162.195652173914,7411.0,4.0,2.3648308910269407,1.2340643624121095,4
motion,0.2,deSEI_startupI_periodic,4,"[11, 1, 18, 14]",813575,853251,-0.04649979900404455,-0.04674510955936051,4054.0652173913045,0.0,12162.195652173914,7411.0,4.0,2.3648308910269407,1.2340643624121095,4
motion,0.25,uncorrected,6,"[11, 1, 18, 14, 3, 20]",937227,853251,0.09841887088324541,0.09950620553957923,4041.1956521739135,0.0,12123.58695652174,7379.0,6.0,3.0584700720355613,1.596033328947277,6
motion,0.25,deSEI_only,6,"[11, 1, 18, 14, 3, 20]",921357,853251,0.07981942007685894,0.08074059709399117,4041.1956521739135,0.0,12123.58695652174,7379.0,6.0,3.0584700720355613,1.596033328947277,6
motion,0.25,deSEI_startupI_periodic,6,"[11, 1, 18, 14, 3, 20]",833598,853251,-0.023033081707492853,-0.02303014321931285,4041.1956521739135,0.0,12123.58695652174,7379.0,6.0,3.0584700720355613,1.596033328947277,6
grain,0.2,uncorrected,4,"[11, 1, 5, 15]",5913448,5987083,-0.012298977649048748,-0.012271667541920217,7598.673913043478,0.0,22796.021739130432,7603.0,4.0,5.238189425006567,0.6363758685687455,4
grain,0.2,deSEI_only,4,"[11, 1, 5, 15]",5897578,5987083,-0.014949684178422129,-0.014925859894768911,7598.673913043478,0.0,22796.021739130432,7603.0,4.0,5.238189425006567,0.6363758685687455,4
grain,0.2,deSEI_startupI_periodic,4,"[11, 1, 5, 15]",5776223,5987083,-0.03521915430268796,-0.03522205455619265,7598.673913043478,0.0,22796.021739130432,7603.0,4.0,5.238189425006567,0.6363758685687455,4
grain,0.25,uncorrected,6,"[11, 1, 5, 15, 3, 20]",6049668,5987083,0.010453337627021275,0.010510568268101927,7934.565217391304,0.0,23803.695652173912,7603.0,6.0,6.729917113989359,0.8176025151677813,4
grain,0.25,deSEI_only,6,"[11, 1, 5, 15, 3, 20]",6033798,5987083,0.007802631097648005,0.007856375915253233,7934.565217391304,0.0,23803.695652173912,7603.0,6.0,6.729917113989359,0.8176025151677813,4
grain,0.25,deSEI_startupI_periodic,6,"[11, 1, 5, 15, 3, 20]",5876957,5987083,-0.01839393240414411,-0.01837471748168995,7934.565217391304,0.0,23803.695652173912,7603.0,6.0,6.729917113989359,0.8176025151677813,4
brief-burst,0.2,uncorrected,4,"[0, 10, 9, 15]",1405457,1422355,-0.01188029711288674,-0.01095314558396987,140.35869565217416,0.0,421.0760869565225,6019.0,4.0,2.6143846299964935,1.621848764570368,4
brief-burst,0.2,deSEI_only,4,"[0, 10, 9, 15]",1389587,1422355,-0.023037849200797322,-0.022169200585750892,140.35869565217416,0.0,421.0760869565225,6019.0,4.0,2.6143846299964935,1.621848764570368,4
brief-burst,0.2,deSEI_startupI_periodic,4,"[0, 10, 9, 15]",1388410,1422355,-0.023865350070833236,-0.02300110946791012,140.35869565217416,0.0,421.0760869565225,6019.0,4.0,2.6143846299964935,1.621848764570368,4
brief-burst,0.25,uncorrected,6,"[0, 10, 9, 15, 3, 20]",1405985,1422355,-0.011509081769319196,-0.01095314558396987,111.76086956521755,0.0,335.28260869565264,6547.0,6.0,3.1435413859944674,1.9501142466775396,6
brief-burst,0.25,deSEI_only,6,"[0, 10, 9, 15, 3, 20]",1390115,1422355,-0.02266663385722978,-0.022169200585750892,111.76086956521755,0.0,335.28260869565264,6547.0,6.0,3.1435413859944674,1.9501142466775396,6
brief-burst,0.25,deSEI_startupI_periodic,6,"[0, 10, 9, 15, 3, 20]",1388852,1422355,-0.02355459783246794,-0.023061743643774668,111.76086956521755,0.0,335.28260869565264,6547.0,6.0,3.1435413859944674,1.9501142466775396,6
cbr-burst,0.2,uncorrected,4,"[0, 18, 16, 13]",744465,652210,0.14144983977553238,0.14354738855934368,3631.25,0.0,10893.75,7459.0,4.0,1.9611806529937894,1.3997400005093024,4
cbr-burst,0.2,deSEI_only,4,"[0, 18, 16, 13]",728595,652210,0.11711718618236455,0.11892330536811224,3631.25,0.0,10893.75,7459.0,4.0,1.9611806529937894,1.3997400005093024,4
cbr-burst,0.2,deSEI_startupI_periodic,4,"[0, 18, 16, 13]",709566,652210,0.08794100059796683,0.08939722435493924,3631.25,0.0,10893.75,7459.0,4.0,1.9611806529937894,1.3997400005093024,4
cbr-burst,0.25,uncorrected,6,"[0, 18, 16, 13, 3, 20]",744513,652210,0.14152343570322445,0.14354738855934368,2439.021739130435,0.0,7317.065217391305,7507.0,6.0,2.483920308004599,1.7728313849537218,6
cbr-burst,0.25,deSEI_only,6,"[0, 18, 16, 13, 3, 20]",728643,652210,0.11719078211005662,0.11892330536811224,2439.021739130435,0.0,7317.065217391305,7507.0,6.0,2.483920308004599,1.7728313849537218,6
cbr-burst,0.25,deSEI_startupI_periodic,6,"[0, 18, 16, 13, 3, 20]",706037,652210,0.08253016666411117,0.0838475971567183,2439.021739130435,0.0,7317.065217391305,7507.0,6.0,2.483920308004599,1.7728313849537218,6
alternating,0.2,uncorrected,4,"[10, 16, 0, 14]",4072261,4206639,-0.0319442671453386,-0.032151466634156245,3625.0217391304354,0.0,10875.065217391306,7603.0,4.0,3.629217878005875,0.7346333342968311,4
alternating,0.2,deSEI_only,4,"[10, 16, 0, 14]",4056391,4206639,-0.03571687515852917,-0.03593032237663596,3625.0217391304354,0.0,10875.065217391306,7603.0,4.0,3.629217878005875,0.7346333342968311,4
alternating,0.2,deSEI_startupI_periodic,4,"[10, 16, 0, 14]",3972229,4206639,-0.05572382132148734,-0.05597041711171391,3625.0217391304354,0.0,10875.065217391306,7603.0,4.0,3.629217878005875,0.7346333342968311,4
alternating,0.25,uncorrected,6,"[10, 16, 0, 14, 3, 20]",4084853,4206639,-0.028950903559825325,-0.02913790656630355,3745.6086956521744,0.0,11236.826086956524,7539.0,6.0,4.314290568006982,0.8733070792767674,6
alternating,0.25,deSEI_only,6,"[10, 16, 0, 14, 3, 20]",4068983,4206639,-0.032723511573015895,-0.032916762308783265,3745.6086956521744,0.0,11236.826086956524,7539.0,6.0,4.314290568006982,0.8733070792767674,6
alternating,0.25,deSEI_startupI_periodic,6,"[10, 16, 0, 14, 3, 20]",3987428,4206639,-0.0521107230736938,-0.052336184051611556,3745.6086956521744,0.0,11236.826086956524,7539.0,6.0,4.314290568006982,0.8733070792767674,6
screen,0.2,uncorrected,4,"[4, 0, 22, 14]",187679,117325,0.5996505433624548,0.6437190791755665,3179.2608695652175,0.0,9537.782608695652,7603.0,4.0,1.520891862011922,1.56154411941007,4
screen,0.2,deSEI_only,4,"[4, 0, 22, 14]",171809,117325,0.46438525463456215,0.4988590101685013,3179.2608695652175,0.0,9537.782608695652,7603.0,4.0,1.520891862011922,1.56154411941007,4
screen,0.2,deSEI_startupI_periodic,4,"[4, 0, 22, 14]",106571,117325,-0.09165991902834003,-0.09662536878775674,3179.2608695652175,0.0,9537.782608695652,7603.0,4.0,1.520891862011922,1.56154411941007,4
screen,0.25,uncorrected,6,"[4, 0, 22, 14, 3, 19]",189219,117325,0.6127764756019605,0.6577760738996294,3185.5579710144925,0.0,9556.673913043478,7603.0,6.0,2.0888927570122178,2.1447272368698806,6
screen,0.25,deSEI_only,6,"[4, 0, 22, 14, 3, 19]",173349,117325,0.4775111868740678,0.5129160048925645,3185.5579710144925,0.0,9556.673913043478,7603.0,6.0,2.0888927570122178,2.1447272368698806,6
screen,0.25,deSEI_startupI_periodic,6,"[4, 0, 22, 14, 3, 19]",106919,117325,-0.08869379927551668,-0.09345262332413395,3185.5579710144925,0.0,9556.673913043478,7603.0,6.0,2.0888927570122178,2.1447272368698806,6
pedestrians,0.2,uncorrected,6,"[2, 34, 11, 12, 22, 27]",1386670,587937,1.3585350131051457,1.3716149857491158,25424.62962962963,0.0,50849.25925925926,5394.333333333333,6.0,2.62009763399692,1.4059363720487867,6
pedestrians,0.2,deSEI_only,6,"[2, 34, 11, 12, 22, 27]",1359760,587937,1.3127648030316172,1.3254112152742006,25424.62962962963,0.0,50849.25925925926,5394.333333333333,6.0,2.62009763399692,1.4059363720487867,6
pedestrians,0.2,deSEI_startupI_periodic,6,"[2, 34, 11, 12, 22, 27]",389756,587937,-0.3370786325745786,-0.3400606918514957,25424.62962962963,0.0,50849.25925925926,5394.333333333333,6.0,2.62009763399692,1.4059363720487867,6
pedestrians,0.25,uncorrected,6,"[2, 34, 11, 12, 22, 27]",1386670,587937,1.3585350131051457,1.3716149857491158,25424.62962962963,0.0,50849.25925925926,5394.333333333333,6.0,2.6199945570042473,1.405881061249968,6
pedestrians,0.25,deSEI_only,6,"[2, 34, 11, 12, 22, 27]",1359760,587937,1.3127648030316172,1.3254112152742006,25424.62962962963,0.0,50849.25925925926,5394.333333333333,6.0,2.6199945570042473,1.405881061249968,6
pedestrians,0.25,deSEI_startupI_periodic,6,"[2, 34, 11, 12, 22, 27]",389756,587937,-0.3370786325745786,-0.3400606918514957,25424.62962962963,0.0,50849.25925925926,5394.333333333333,6.0,2.6199945570042473,1.405881061249968,6
megamind,0.2,uncorrected,2,"[3, 9]",305570,261306,0.1693952683826625,0.17262239698566684,5865.434782608696,0.0,11730.869565217392,3850.0,2.0,1.1974689670023508,0.6718374616880766,2
megamind,0.2,deSEI_only,2,"[3, 9]",298720,261306,0.14318079186853727,0.14600003643161386,5865.434782608696,0.0,11730.869565217392,3850.0,2.0,1.1974689670023508,0.6718374616880766,2
megamind,0.2,deSEI_startupI_periodic,2,"[3, 9]",248625,261306,-0.04852931046359443,-0.04869145897594995,5865.434782608696,0.0,11730.869565217392,3850.0,2.0,1.1974689670023508,0.6718374616880766,2
megamind,0.25,uncorrected,2,"[3, 9]",305570,261306,0.1693952683826625,0.17262239698566684,5865.434782608696,0.0,11730.869565217392,3850.0,2.0,1.197431658001733,0.6718165295512414,2
megamind,0.25,deSEI_only,2,"[3, 9]",298720,261306,0.14318079186853727,0.14600003643161386,5865.434782608696,0.0,11730.869565217392,3850.0,2.0,1.197431658001733,0.6718165295512414,2
megamind,0.25,deSEI_startupI_periodic,2,"[3, 9]",248625,261306,-0.04852931046359443,-0.04869145897594995,5865.434782608696,0.0,11730.869565217392,3850.0,2.0,1.197431658001733,0.6718165295512414,2
