case,method,sample_count,pilot_indices,audit_indices,raw_payload_relative_error,periodic_payload_relative_error,raw_file_relative_error_legacy_mux,periodic_file_relative_error_legacy_mux,preview_prepare_wall_seconds,probe_measurement_wall_seconds,initialization_wall_seconds,costed_total_wall_seconds,encoded_media_seconds,encoded_fraction,reference_encode_wall_seconds,sampling_standard_error_bytes
static,uniform3,3,"[2, 6, 10]",[],-0.014489990467111524,-0.0025605229470243573,-0.13246810141832321,-0.12562291221729371,0,1.5885987799993018,0.26993721799954074,1.8585359979988425,17.625,0.734375,0.46220285999879707,
static,uniform3,4,"[2, 6, 10]",[7],-0.014489990467111524,-0.0025605229470243573,-0.13246810141832321,-0.12562291221729371,0,2.085108563005633,0.26993721799954074,2.355045781005174,23.5,0.9791666666666666,0.46220285999879707,
static,uniform3,5,"[2, 6, 10]","[7, 9]",-0.014489990467111524,-0.0025605229470243573,-0.13246810141832321,-0.12562291221729371,0,2.621124752004107,0.26993721799954074,2.8910619700036477,29.375,1.2239583333333333,0.46220285999879707,0.0
static,uniform3,6,"[2, 6, 10]","[7, 9, 5]",-0.014489990467111524,-0.0025605229470243573,-0.13246810141832321,-0.12562291221729371,0,3.2357532030000584,0.26993721799954074,3.505690420999599,35.25,1.46875,0.46220285999879707,0.0
static,mean-4fps,3,"[0, 2, 6]",[],-0.006863679694947611,0.0030775432384584356,-0.12808718032966426,-0.12239198291440778,0.5941433810003218,1.4727890709982603,0.26993721799954074,2.336869669998123,15.625,0.6510416666666666,0.46220285999879707,
static,mean-4fps,4,"[0, 2, 6]",[8],-0.006863679694947611,0.0030775432384584356,-0.12808718032966426,-0.12239198291440778,0.5941433810003218,2.005380786002206,0.26993721799954074,2.8694613850020687,21.5,0.8958333333333334,0.46220285999879707,
static,mean-4fps,5,"[0, 2, 6]","[8, 10]",-0.006863679694947611,0.0030775432384584356,-0.12808718032966426,-0.12239198291440778,0.5941433810003218,2.583111469008145,0.26993721799954074,3.4471920680080075,27.375,1.140625,0.46220285999879707,0.0
static,mean-4fps,6,"[0, 2, 6]","[8, 10, 7]",-0.006863679694947611,0.0030775432384584356,-0.12808718032966426,-0.12239198291440778,0.5941433810003218,3.0796212520144763,0.26993721799954074,3.943701851014339,33.25,1.3854166666666667,0.46220285999879707,0.0
static,mean-8fps,3,"[0, 2, 6]",[],-0.006863679694947611,0.0030775432384584356,-0.12808718032966426,-0.12239198291440778,0.39892525599861983,1.4727890709982603,0.26993721799954074,2.141651544996421,15.625,0.6510416666666666,0.46220285999879707,
static,mean-8fps,4,"[0, 2, 6]",[8],-0.006863679694947611,0.0030775432384584356,-0.12808718032966426,-0.12239198291440778,0.39892525599861983,2.005380786002206,0.26993721799954074,2.6742432600003667,21.5,0.8958333333333334,0.46220285999879707,
static,mean-8fps,5,"[0, 2, 6]","[8, 10]",-0.006863679694947611,0.0030775432384584356,-0.12808718032966426,-0.12239198291440778,0.39892525599861983,2.583111469008145,0.26993721799954074,3.2519739430063055,27.375,1.140625,0.46220285999879707,0.0
static,mean-8fps,6,"[0, 2, 6]","[8, 10, 7]",-0.006863679694947611,0.0030775432384584356,-0.12808718032966426,-0.12239198291440778,0.39892525599861983,3.0796212520144763,0.26993721799954074,3.748483726012637,33.25,1.3854166666666667,0.46220285999879707,0.0
static,mean-max-1fps,3,"[0, 2, 6]",[],-0.006863679694947611,0.0030775432384584356,-0.12808718032966426,-0.12239198291440778,0.19819031899533002,1.4727890709982603,0.26993721799954074,1.940916607993131,15.625,0.6510416666666666,0.46220285999879707,
static,mean-max-1fps,4,"[0, 2, 6]",[8],-0.006863679694947611,0.0030775432384584356,-0.12808718032966426,-0.12239198291440778,0.19819031899533002,2.005380786002206,0.26993721799954074,2.473508322997077,21.5,0.8958333333333334,0.46220285999879707,
static,mean-max-1fps,5,"[0, 2, 6]","[8, 10]",-0.006863679694947611,0.0030775432384584356,-0.12808718032966426,-0.12239198291440778,0.19819031899533002,2.583111469008145,0.26993721799954074,3.0512390060030157,27.375,1.140625,0.46220285999879707,0.0
static,mean-max-1fps,6,"[0, 2, 6]","[8, 10, 7]",-0.006863679694947611,0.0030775432384584356,-0.12808718032966426,-0.12239198291440778,0.19819031899533002,3.0796212520144763,0.26993721799954074,3.547748789009347,33.25,1.3854166666666667,0.46220285999879707,0.0
static,mean-max-2fps,3,"[0, 2, 6]",[],-0.006863679694947611,0.0030775432384584356,-0.12808718032966426,-0.12239198291440778,0.48852018199977465,1.4727890709982603,0.26993721799954074,2.2312464709975757,15.625,0.6510416666666666,0.46220285999879707,
static,mean-max-2fps,4,"[0, 2, 6]",[8],-0.006863679694947611,0.0030775432384584356,-0.12808718032966426,-0.12239198291440778,0.48852018199977465,2.005380786002206,0.26993721799954074,2.7638381860015215,21.5,0.8958333333333334,0.46220285999879707,
static,mean-max-2fps,5,"[0, 2, 6]","[8, 10]",-0.006863679694947611,0.0030775432384584356,-0.12808718032966426,-0.12239198291440778,0.48852018199977465,2.583111469008145,0.26993721799954074,3.3415688690074603,27.375,1.140625,0.46220285999879707,0.0
static,mean-max-2fps,6,"[0, 2, 6]","[8, 10, 7]",-0.006863679694947611,0.0030775432384584356,-0.12808718032966426,-0.12239198291440778,0.48852018199977465,3.0796212520144763,0.26993721799954074,3.8380786520137917,33.25,1.3854166666666667,0.46220285999879707,0.0
static,mean-max-4fps,3,"[0, 2, 6]",[],-0.006863679694947611,0.0030775432384584356,-0.12808718032966426,-0.12239198291440778,0.5941433810003218,1.4727890709982603,0.26993721799954074,2.336869669998123,15.625,0.6510416666666666,0.46220285999879707,
static,mean-max-4fps,4,"[0, 2, 6]",[8],-0.006863679694947611,0.0030775432384584356,-0.12808718032966426,-0.12239198291440778,0.5941433810003218,2.005380786002206,0.26993721799954074,2.8694613850020687,21.5,0.8958333333333334,0.46220285999879707,
static,mean-max-4fps,5,"[0, 2, 6]","[8, 10]",-0.006863679694947611,0.0030775432384584356,-0.12808718032966426,-0.12239198291440778,0.5941433810003218,2.583111469008145,0.26993721799954074,3.4471920680080075,27.375,1.140625,0.46220285999879707,0.0
static,mean-max-4fps,6,"[0, 2, 6]","[8, 10, 7]",-0.006863679694947611,0.0030775432384584356,-0.12808718032966426,-0.12239198291440778,0.5941433810003218,3.0796212520144763,0.26993721799954074,3.943701851014339,33.25,1.3854166666666667,0.46220285999879707,0.0
static,mean-max-8fps,3,"[0, 2, 6]",[],-0.006863679694947611,0.0030775432384584356,-0.12808718032966426,-0.12239198291440778,0.39892525599861983,1.4727890709982603,0.26993721799954074,2.141651544996421,15.625,0.6510416666666666,0.46220285999879707,
static,mean-max-8fps,4,"[0, 2, 6]",[8],-0.006863679694947611,0.0030775432384584356,-0.12808718032966426,-0.12239198291440778,0.39892525599861983,2.005380786002206,0.26993721799954074,2.6742432600003667,21.5,0.8958333333333334,0.46220285999879707,
static,mean-max-8fps,5,"[0, 2, 6]","[8, 10]",-0.006863679694947611,0.0030775432384584356,-0.12808718032966426,-0.12239198291440778,0.39892525599861983,2.583111469008145,0.26993721799954074,3.2519739430063055,27.375,1.140625,0.46220285999879707,0.0
static,mean-max-8fps,6,"[0, 2, 6]","[8, 10, 7]",-0.006863679694947611,0.0030775432384584356,-0.12808718032966426,-0.12239198291440778,0.39892525599861983,3.0796212520144763,0.26993721799954074,3.748483726012637,33.25,1.3854166666666667,0.46220285999879707,0.0
motion,uniform3,3,"[2, 6, 10]",[],-0.04207776789768425,-0.0308911698090768,-0.04410894332382853,-0.03302193610086601,0,2.807134155991662,0.19532748399797129,3.002461639989633,17.625,0.734375,1.8474378929968225,
motion,uniform3,4,"[2, 6, 10]",[7],0.004513442182533689,0.014717554703885583,0.002069730946696824,0.012183988064473406,0,3.6720462879893603,0.19532748399797129,3.8673737719873316,23.5,0.9791666666666666,1.8474378929968225,
motion,uniform3,5,"[2, 6, 10]","[7, 9]",0.008876712199182624,0.01898698674565935,0.00639436695649942,0.016414865027992942,0,4.641618461988401,0.19532748399797129,4.836945945986372,29.375,1.2239583333333333,1.8474378929968225,3254.2741126094465
motion,uniform3,6,"[2, 6, 10]","[7, 9, 5]",-0.0024606950961101326,0.007803256556898619,-0.004842654740515928,0.005330201781187371,0,5.525236066991056,0.19532748399797129,5.720563550989027,35.25,1.46875,1.8474378929968225,8019.494747177032
motion,mean-4fps,3,"[11, 0, 9]",[],0.0021757227183289984,0.011165859204921524,-0.0002472894845713114,0.008663335876547551,0.4036479179994785,2.5555406830026186,0.19532748399797129,3.1545160850000684,13.75,0.5729166666666666,1.8474378929968225,
motion,mean-4fps,4,"[11, 0, 9]",[6],-0.03138953004389289,-0.01426411765944291,-0.03351534308193016,-0.01654143974047495,0.4036479179994785,3.5197803449991625,0.19532748399797129,4.118755746996612,19.625,0.8177083333333334,1.8474378929968225,
motion,mean-4fps,5,"[11, 0, 9]","[6, 8]",-0.024876551384894863,-0.011709044733257401,-0.027060032745346962,-0.014008773502755978,0.4036479179994785,4.394142662000377,0.19532748399797129,4.9931180639978265,25.5,1.0625,1.8474378929968225,4857.599407114589
motion,mean-4fps,6,"[11, 0, 9]","[6, 8, 5]",-0.018260698879975834,-0.006709106498462014,-0.02050275944593094,-0.0090536079067004,0.4036479179994785,5.277760267003032,0.19532748399797129,5.876735669000482,31.375,1.3072916666666667,1.8474378929968225,5254.630529352183
motion,mean-8fps,3,"[11, 0, 9]",[],0.0021757227183289984,0.011165859204921524,-0.0002472894845713114,0.008663335876547551,0.3692281799958437,2.5555406830026186,0.19532748399797129,3.1200963469964336,13.75,0.5729166666666666,1.8474378929968225,
motion,mean-8fps,4,"[11, 0, 9]",[6],-0.03138953004389289,-0.01426411765944291,-0.03351534308193016,-0.01654143974047495,0.3692281799958437,3.5197803449991625,0.19532748399797129,4.084336008992977,19.625,0.8177083333333334,1.8474378929968225,
motion,mean-8fps,5,"[11, 0, 9]","[6, 8]",-0.024876551384894863,-0.011709044733257401,-0.027060032745346962,-0.014008773502755978,0.3692281799958437,4.394142662000377,0.19532748399797129,4.958698325994192,25.5,1.0625,1.8474378929968225,4857.599407114589
motion,mean-8fps,6,"[11, 0, 9]","[6, 8, 5]",-0.018260698879975834,-0.006709106498462014,-0.02050275944593094,-0.0090536079067004,0.3692281799958437,5.277760267003032,0.19532748399797129,5.842315930996847,31.375,1.3072916666666667,1.8474378929968225,5254.630529352183
motion,mean-max-1fps,3,"[7, 0, 2]",[],0.0017642273346449855,0.010858867218750623,-0.0006551413359022762,0.008358618976127774,0.3934359030026826,2.445857471000636,0.19532748399797129,3.03462085800129,15.625,0.6510416666666666,1.8474378929968225,
motion,mean-max-1fps,4,"[7, 0, 2]",[8],-0.04121930339034352,-0.030867633083958568,-0.04325807997881048,-0.03299849633929519,0.3934359030026826,3.3202197880018502,0.19532748399797129,3.908983175002504,21.5,0.8958333333333334,1.8474378929968225,
motion,mean-max-1fps,5,"[7, 0, 2]","[8, 10]",-0.04132572461026185,-0.03066409489934918,-0.04336355890587884,-0.032796914389786824,0.3934359030026826,4.2843560879991855,0.19532748399797129,4.873119474999839,27.375,1.140625,1.8474378929968225,79.37253933193772
motion,mean-max-1fps,6,"[7, 0, 2]","[8, 10, 6]",-0.042492810655365476,-0.032026015697636745,-0.04452031113939514,-0.03414587266818325,0.3934359030026826,5.248595749995729,0.19532748399797129,5.837359136996383,33.25,1.3854166666666667,1.8474378929968225,806.9981412618
motion,mean-max-2fps,3,"[7, 0, 9]",[],0.02107967874981087,0.030057573947544824,0.018489283927003886,0.027388189407337338,0.43974573600280564,2.5366714510018937,0.19532748399797129,3.1717446710026707,15.625,0.6510416666666666,1.8474378929968225,
motion,mean-max-2fps,4,"[7, 0, 9]",[6],-0.025511531330407178,-0.015551150565417449,-0.02768939034352147,-0.01781773475800208,0.43974573600280564,3.5009111129984376,0.19532748399797129,4.1359843329992145,21.5,0.8958333333333334,1.8474378929968225,
motion,mean-max-2fps,5,"[7, 0, 9]","[6, 10]",-0.023814112872710735,-0.013406500275681577,-0.026007587450820435,-0.015691748383535487,0.43974573600280564,4.465047412995773,0.19532748399797129,5.10012063299655,27.375,1.140625,1.8474378929968225,1265.9920023444065
motion,mean-max-2fps,6,"[7, 0, 9]","[6, 10, 5]",-0.018732499621613385,-0.008679061709442326,-0.02097038268926732,-0.011006140045543455,0.43974573600280564,5.348665017998428,0.19532748399797129,5.983738237999205,33.25,1.3854166666666667,1.8474378929968225,3573.550335450727
motion,mean-max-4fps,3,"[11, 0, 9]",[],0.0021757227183289984,0.011165859204921524,-0.0002472894845713114,0.008663335876547551,0.4036479179994785,2.5555406830026186,0.19532748399797129,3.1545160850000684,13.75,0.5729166666666666,1.8474378929968225,
motion,mean-max-4fps,4,"[11, 0, 9]",[6],-0.03138953004389289,-0.01426411765944291,-0.03351534308193016,-0.01654143974047495,0.4036479179994785,3.5197803449991625,0.19532748399797129,4.118755746996612,19.625,0.8177083333333334,1.8474378929968225,
motion,mean-max-4fps,5,"[11, 0, 9]","[6, 8]",-0.024876551384894863,-0.011709044733257401,-0.027060032745346962,-0.014008773502755978,0.4036479179994785,4.394142662000377,0.19532748399797129,4.9931180639978265,25.5,1.0625,1.8474378929968225,4857.599407114589
motion,mean-max-4fps,6,"[11, 0, 9]","[6, 8, 5]",-0.018260698879975834,-0.006709106498462014,-0.02050275944593094,-0.0090536079067004,0.4036479179994785,5.277760267003032,0.19532748399797129,5.876735669000482,31.375,1.3072916666666667,1.8474378929968225,5254.630529352183
motion,mean-max-8fps,3,"[11, 0, 9]",[],0.0021757227183289984,0.011165859204921524,-0.0002472894845713114,0.008663335876547551,0.3692281799958437,2.5555406830026186,0.19532748399797129,3.1200963469964336,13.75,0.5729166666666666,1.8474378929968225,
motion,mean-max-8fps,4,"[11, 0, 9]",[6],-0.03138953004389289,-0.01426411765944291,-0.03351534308193016,-0.01654143974047495,0.3692281799958437,3.5197803449991625,0.19532748399797129,4.084336008992977,19.625,0.8177083333333334,1.8474378929968225,
motion,mean-max-8fps,5,"[11, 0, 9]","[6, 8]",-0.024876551384894863,-0.011709044733257401,-0.027060032745346962,-0.014008773502755978,0.3692281799958437,4.394142662000377,0.19532748399797129,4.958698325994192,25.5,1.0625,1.8474378929968225,4857.599407114589
motion,mean-max-8fps,6,"[11, 0, 9]","[6, 8, 5]",-0.018260698879975834,-0.006709106498462014,-0.02050275944593094,-0.0090536079067004,0.3692281799958437,5.277760267003032,0.19532748399797129,5.842315930996847,31.375,1.3072916666666667,1.8474378929968225,5254.630529352183
grain,uniform3,3,"[2, 6, 10]",[],0.012825585945992923,0.01572246245210196,0.01241472683776057,0.015307788450569237,0,8.929292748005537,0.2029925339957117,9.132285282001249,17.625,0.734375,7.90650345999893,
grain,uniform3,4,"[2, 6, 10]",[7],-0.012797655881536363,-0.009783791808487208,-0.013174863284841742,-0.01016488329959686,0,11.891182453007787,0.2029925339957117,12.094174987003498,23.5,0.9791666666666666,7.90650345999893,
grain,uniform3,5,"[2, 6, 10]","[7, 9]",-0.010752071340408897,-0.007596540055153089,-0.011131965265889887,-0.007980514049997334,0,15.187932454005932,0.2029925339957117,15.390924988001643,29.375,1.2239583333333333,7.90650345999893,10786.728095210336
grain,uniform3,6,"[2, 6, 10]","[7, 9, 5]",-0.005112539762711532,-0.0020739668002563993,-0.005499840239395426,-0.002465307395938865,0,17.893910865008365,0.2029925339957117,18.096903399004077,35.25,1.46875,7.90650345999893,28129.512224708058
grain,mean-4fps,3,"[11, 0, 9]",[],-0.01604256073534671,-0.013376129109605728,-0.016415506516278433,-0.013752607070922518,2.6054560970005696,7.655745905998629,0.2029925339957117,10.46419453699491,13.75,0.5729166666666666,7.90650345999893,
grain,mean-4fps,4,"[11, 0, 9]",[6],0.015031057562692185,0.020003623528937142,0.014617301948210759,0.019583326304312143,2.6054560970005696,10.44279509199987,0.2029925339957117,13.25124372299615,19.625,0.8177083333333334,7.90650345999893,
grain,mean-4fps,5,"[11, 0, 9]","[6, 8]",-0.0033001796220911706,0.00019060948855620374,-0.0036897768078377746,-0.0002036049942851781,2.6054560970005696,13.354031258997566,0.2029925339957117,16.162479889993847,25.5,1.0625,7.90650345999893,96663.84702540035
grain,mean-4fps,6,"[11, 0, 9]","[6, 8, 5]",-0.002390278330618334,0.0007546884927003283,-0.0027811540277628,0.0003596075083642791,2.6054560970005696,16.06000967,0.2029925339957117,18.86845830099628,31.375,1.3072916666666667,7.90650345999893,51859.60098188184
grain,mean-8fps,3,"[11, 0, 9]",[],-0.01604256073534671,-0.013376129109605728,-0.016415506516278433,-0.013752607070922518,1.879872493998846,7.655745905998629,0.2029925339957117,9.738610933993186,13.75,0.5729166666666666,7.90650345999893,
grain,mean-8fps,4,"[11, 0, 9]",[6],0.015031057562692185,0.020003623528937142,0.014617301948210759,0.019583326304312143,1.879872493998846,10.44279509199987,0.2029925339957117,12.525660119994427,19.625,0.8177083333333334,7.90650345999893,
grain,mean-8fps,5,"[11, 0, 9]","[6, 8]",-0.0033001796220911706,0.00019060948855620374,-0.0036897768078377746,-0.0002036049942851781,1.879872493998846,13.354031258997566,0.2029925339957117,15.436896286992123,25.5,1.0625,7.90650345999893,96663.84702540035
grain,mean-8fps,6,"[11, 0, 9]","[6, 8, 5]",-0.002390278330618334,0.0007546884927003283,-0.0027811540277628,0.0003596075083642791,1.879872493998846,16.06000967,0.2029925339957117,18.142874697994557,31.375,1.3072916666666667,7.90650345999893,51859.60098188184
grain,mean-max-1fps,3,"[9, 0, 10]",[],0.0021285385050224814,0.00480602203727476,0.0017317281220252667,0.004405651299639546,1.7941330670000752,8.621185698000772,0.2029925339957117,10.61831129899656,15.625,0.6510416666666666,7.90650345999893,
grain,mean-max-1fps,4,"[9, 0, 10]",[6],-0.00583102812741465,-0.002783328241093952,-0.006217384993660535,-0.0031736657066554486,1.7941330670000752,11.408234884002013,0.2029925339957117,13.4053604849978,21.5,0.8958333333333334,7.90650345999893,
grain,mean-max-1fps,5,"[9, 0, 10]","[6, 8]",-0.008924993561033046,-0.0063457197618227434,-0.00930720352465464,-0.006731324753640466,1.7941330670000752,14.31947105099971,0.2029925339957117,16.316596651995496,27.375,1.140625,7.90650345999893,16315.025459679799
grain,mean-max-1fps,6,"[9, 0, 10]","[6, 8, 5]",-0.0029360016858386295,-0.0003647665844612735,-0.0033261606695614843,-0.0007582991583714449,1.7941330670000752,17.025449462002143,0.2029925339957117,19.02257506299793,33.25,1.3854166666666667,7.90650345999893,30511.17234719112
grain,mean-max-2fps,3,"[7, 0, 2]",[],-0.015085412478550664,-0.012195553189689678,-0.015459615308489938,-0.012573568798027401,1.7803324549968238,7.981290420008008,0.2029925339957117,9.964615409000544,15.625,0.6510416666666666,7.90650345999893,
grain,mean-max-2fps,4,"[7, 0, 2]",[8],-0.017182174263532746,-0.01494583272447847,-0.017553623358820936,-0.015320148392798272,1.7803324549968238,10.892526587005705,0.2029925339957117,12.87585157599824,21.5,0.8958333333333334,7.90650345999893,
grain,mean-max-2fps,5,"[7, 0, 2]","[8, 10]",0.0006576108589415597,0.002977109312394921,0.000262732285488676,0.002579219295940849,1.7803324549968238,14.116165859006287,0.2029925339957117,16.099490847998823,27.375,1.140625,7.90650345999893,94072.33361621258
grain,mean-max-2fps,6,"[7, 0, 2]","[8, 10, 6]",0.003951017022287173,0.006421639898563258,0.003551813128363168,0.006019124839258039,1.7803324549968238,16.903215045007528,0.2029925339957117,18.886540034000063,33.25,1.3854166666666667,7.90650345999893,52791.80663701519
grain,mean-max-4fps,3,"[11, 6, 9]",[],-0.009137312224671401,-0.0059584063010407196,-0.009519326857503008,-0.006344658993369556,2.6054560970005696,8.341998666997824,0.2029925339957117,11.150447297994106,15.75,0.65625,7.90650345999893,
grain,mean-max-4fps,4,"[11, 6, 9]",[5],0.0063347727630025386,0.009300569309553364,0.005932438217409075,0.008894314643708823,2.6054560970005696,11.047977078000258,0.2029925339957117,13.85642570899654,21.625,0.9010416666666666,7.90650345999893,
grain,mean-max-4fps,5,"[11, 6, 9]","[5, 8]",-0.004195697766598339,-0.0014520562168531814,-0.00458420235697421,-0.001844136785810413,2.6054560970005696,13.959213244997954,0.2029925339957117,16.767661875994236,27.5,1.1458333333333333,7.90650345999893,55529.02851662363
grain,mean-max-4fps,6,"[11, 6, 9]","[5, 8, 4]",-0.0012941487351193492,0.0015633516027049321,-0.001686464009267974,0.0011673464356516394,2.6054560970005696,16.71382468700176,0.2029925339957117,19.522273317998042,33.375,1.390625,7.90650345999893,32888.460316652105
grain,mean-max-8fps,3,"[11, 0, 9]",[],-0.01604256073534671,-0.013376129109605728,-0.016415506516278433,-0.013752607070922518,1.879872493998846,7.655745905998629,0.2029925339957117,9.738610933993186,13.75,0.5729166666666666,7.90650345999893,
grain,mean-max-8fps,4,"[11, 0, 9]",[6],0.015031057562692185,0.020003623528937142,0.014617301948210759,0.019583326304312143,1.879872493998846,10.44279509199987,0.2029925339957117,12.525660119994427,19.625,0.8177083333333334,7.90650345999893,
grain,mean-max-8fps,5,"[11, 0, 9]","[6, 8]",-0.0033001796220911706,0.00019060948855620374,-0.0036897768078377746,-0.0002036049942851781,1.879872493998846,13.354031258997566,0.2029925339957117,15.436896286992123,25.5,1.0625,7.90650345999893,96663.84702540035
grain,mean-max-8fps,6,"[11, 0, 9]","[6, 8, 5]",-0.002390278330618334,0.0007546884927003283,-0.0027811540277628,0.0003596075083642791,1.879872493998846,16.06000967,0.2029925339957117,18.142874697994557,31.375,1.3072916666666667,7.90650345999893,51859.60098188184
brief-burst,uniform3,3,"[2, 6, 10]",[],-0.9926682196226543,-0.980827923160987,-0.9888368234371869,-0.9770584699319087,0,2.7603660840031807,0.22484181100298883,2.9852078950061696,17.625,0.734375,1.7774689599973499,
brief-burst,uniform3,4,"[2, 6, 10]",[7],-0.9927254660281455,-1.007326841557296,-0.9888937712455751,-0.9995141859802933,0,3.393345513002714,0.22484181100298883,3.618187324005703,23.5,0.9791666666666666,1.7774689599973499,
brief-burst,uniform3,5,"[2, 6, 10]","[7, 9]",-0.9926968428253998,-0.9940773823591416,-0.9888649458116996,-0.9902387238066446,0,3.8534050369999022,0.22484181100298883,4.078246848002891,29.375,1.2239583333333333,1.7774689599973499,35.71764269937197
brief-burst,uniform3,6,"[2, 6, 10]","[7, 9, 5]",1.2382708475860391,1.2324612521596134,1.230465671368962,1.224686523406604,0,5.92333299999882,0.22484181100298883,6.148174811001809,35.25,1.46875,1.7774689599973499,2577415.569415611
brief-burst,mean-4fps,3,"[0, 5, 4]",[],-0.006292864129543663,-0.006292864129543663,-0.007606399246320339,-0.007606399246320339,0.3216751979998662,4.199581540997315,0.22484181100298883,4.74609855000017,15.625,0.6510416666666666,1.7774689599973499,
brief-burst,mean-4fps,4,"[0, 5, 4]",[8],-0.006547292598393151,-0.006480960915748679,-0.007859500616934634,-0.007793413036829788,0.3216751979998662,4.736936923996836,0.22484181100298883,5.2834539329996915,21.5,0.8958333333333334,1.7774689599973499,
brief-burst,mean-4fps,5,"[0, 5, 4]","[8, 10]",-0.006547292598393151,-0.006480960915748679,-0.007859500616934634,-0.007793413036829788,0.3216751979998662,5.1939971999963745,0.22484181100298883,5.74051420899923,27.375,1.140625,1.7774689599973499,0.0
brief-burst,mean-4fps,6,"[0, 5, 4]","[8, 10, 7]",-0.006547292598393151,-0.006480960915748679,-0.007859500616934634,-0.007793413036829788,0.3216751979998662,5.826976628995908,0.22484181100298883,6.373493637998763,33.25,1.3854166666666667,1.7774689599973499,0.0
brief-burst,mean-8fps,3,"[0, 5, 4]",[],-0.006292864129543663,-0.006292864129543663,-0.007606399246320339,-0.007606399246320339,0.3362372420015163,4.199581540997315,0.22484181100298883,4.76066059400182,15.625,0.6510416666666666,1.7774689599973499,
brief-burst,mean-8fps,4,"[0, 5, 4]",[8],-0.006547292598393151,-0.006480960915748679,-0.007859500616934634,-0.007793413036829788,0.3362372420015163,4.736936923996836,0.22484181100298883,5.2980159770013415,21.5,0.8958333333333334,1.7774689599973499,
brief-burst,mean-8fps,5,"[0, 5, 4]","[8, 10]",-0.006547292598393151,-0.006480960915748679,-0.007859500616934634,-0.007793413036829788,0.3362372420015163,5.1939971999963745,0.22484181100298883,5.75507625300088,27.375,1.140625,1.7774689599973499,0.0
brief-burst,mean-8fps,6,"[0, 5, 4]","[8, 10, 7]",-0.006547292598393151,-0.006480960915748679,-0.007859500616934634,-0.007793413036829788,0.3362372420015163,5.826976628995908,0.22484181100298883,6.388055682000413,33.25,1.3854166666666667,1.7774689599973499,0.0
brief-burst,mean-max-1fps,3,"[0, 5, 6]",[],-0.2487455262994227,-0.24580019255792684,-0.24879442895760906,-0.2458647805927493,0.3397804370033555,4.350442318005662,0.22484181100298883,4.915064566012006,15.625,0.6510416666666666,1.7774689599973499,
brief-burst,mean-max-1fps,4,"[0, 5, 6]",[8],-0.2489999547682722,-0.24598828934413186,-0.24904753032822324,-0.24605179438325875,0.3397804370033555,4.887797701005184,0.22484181100298883,5.452419949011528,21.5,0.8958333333333334,1.7774689599973499,
brief-burst,mean-max-1fps,5,"[0, 5, 6]","[8, 10]",-0.2489999547682722,-0.24598828934413186,-0.24904753032822324,-0.24605179438325875,0.3397804370033555,5.344857977004722,0.22484181100298883,5.909480225011066,27.375,1.140625,1.7774689599973499,0.0
brief-burst,mean-max-1fps,6,"[0, 5, 6]","[8, 10, 7]",-0.2489999547682722,-0.24598828934413186,-0.24904753032822324,-0.24605179438325875,0.3397804370033555,5.977837406004255,0.22484181100298883,6.5424596540105995,33.25,1.3854166666666667,1.7774689599973499,0.0
brief-burst,mean-max-2fps,3,"[0, 5, 4]",[],-0.006292864129543663,-0.006292864129543663,-0.007606399246320339,-0.007606399246320339,0.3341465299963602,4.199581540997315,0.22484181100298883,4.758569881996664,15.625,0.6510416666666666,1.7774689599973499,
brief-burst,mean-max-2fps,4,"[0, 5, 4]",[8],-0.006547292598393151,-0.006480960915748679,-0.007859500616934634,-0.007793413036829788,0.3341465299963602,4.736936923996836,0.22484181100298883,5.295925264996185,21.5,0.8958333333333334,1.7774689599973499,
brief-burst,mean-max-2fps,5,"[0, 5, 4]","[8, 10]",-0.006547292598393151,-0.006480960915748679,-0.007859500616934634,-0.007793413036829788,0.3341465299963602,5.1939971999963745,0.22484181100298883,5.752985540995724,27.375,1.140625,1.7774689599973499,0.0
brief-burst,mean-max-2fps,6,"[0, 5, 4]","[8, 10, 7]",-0.006547292598393151,-0.006480960915748679,-0.007859500616934634,-0.007793413036829788,0.3341465299963602,5.826976628995908,0.22484181100298883,6.385964969995257,33.25,1.3854166666666667,1.7774689599973499,0.0
brief-burst,mean-max-4fps,3,"[0, 5, 4]",[],-0.006292864129543663,-0.006292864129543663,-0.007606399246320339,-0.007606399246320339,0.3216751979998662,4.199581540997315,0.22484181100298883,4.74609855000017,15.625,0.6510416666666666,1.7774689599973499,
brief-burst,mean-max-4fps,4,"[0, 5, 4]",[8],-0.006547292598393151,-0.006480960915748679,-0.007859500616934634,-0.007793413036829788,0.3216751979998662,4.736936923996836,0.22484181100298883,5.2834539329996915,21.5,0.8958333333333334,1.7774689599973499,
brief-burst,mean-max-4fps,5,"[0, 5, 4]","[8, 10]",-0.006547292598393151,-0.006480960915748679,-0.007859500616934634,-0.007793413036829788,0.3216751979998662,5.1939971999963745,0.22484181100298883,5.74051420899923,27.375,1.140625,1.7774689599973499,0.0
brief-burst,mean-max-4fps,6,"[0, 5, 4]","[8, 10, 7]",-0.006547292598393151,-0.006480960915748679,-0.007859500616934634,-0.007793413036829788,0.3216751979998662,5.826976628995908,0.22484181100298883,6.373493637998763,33.25,1.3854166666666667,1.7774689599973499,0.0
brief-burst,mean-max-8fps,3,"[0, 5, 4]",[],-0.006292864129543663,-0.006292864129543663,-0.007606399246320339,-0.007606399246320339,0.3362372420015163,4.199581540997315,0.22484181100298883,4.76066059400182,15.625,0.6510416666666666,1.7774689599973499,
brief-burst,mean-max-8fps,4,"[0, 5, 4]",[8],-0.006547292598393151,-0.006480960915748679,-0.007859500616934634,-0.007793413036829788,0.3362372420015163,4.736936923996836,0.22484181100298883,5.2980159770013415,21.5,0.8958333333333334,1.7774689599973499,
brief-burst,mean-max-8fps,5,"[0, 5, 4]","[8, 10]",-0.006547292598393151,-0.006480960915748679,-0.007859500616934634,-0.007793413036829788,0.3362372420015163,5.1939971999963745,0.22484181100298883,5.75507625300088,27.375,1.140625,1.7774689599973499,0.0
brief-burst,mean-max-8fps,6,"[0, 5, 4]","[8, 10, 7]",-0.006547292598393151,-0.006480960915748679,-0.007859500616934634,-0.007793413036829788,0.3362372420015163,5.826976628995908,0.22484181100298883,6.388055682000413,33.25,1.3854166666666667,1.7774689599973499,0.0
cbr-burst,uniform3,3,"[2, 6, 10]",[],-0.9839594346546344,-0.9662849122352811,-0.9757102773646524,-0.9582450437742445,0,2.061706150001555,0.15838242700556293,2.220088577007118,17.625,0.734375,1.5383882009991794,
cbr-burst,uniform3,4,"[2, 6, 10]",[7],-0.9839594346546344,-0.9664305389169793,-0.9757102773646524,-0.9583891691326414,0,2.9561741130019072,0.15838242700556293,3.11455654000747,23.5,0.9791666666666666,1.5383882009991794,
cbr-burst,uniform3,5,"[2, 6, 10]","[7, 9]",0.8397495077510779,0.8310578732230995,0.826414805047454,0.8178255469864,0,4.459586905002652,0.15838242700556293,4.617969332008215,29.375,1.2239583333333333,1.5383882009991794,1036573.6146593738
cbr-burst,uniform3,6,"[2, 6, 10]","[7, 9, 5]",0.23184652694917385,0.2319436114036395,0.22570644424341846,0.22580303889851439,0,4.934063842003525,0.15838242700556293,5.092446269009088,35.25,1.46875,1.5383882009991794,639787.1248970239
cbr-burst,mean-4fps,3,"[0, 8, 9]",[],0.009381046438196927,0.009381046438196927,0.005873874978917781,0.005873874978917781,0.205799670999113,3.700176988997555,0.15838242700556293,4.064359087002231,15.625,0.6510416666666666,1.5383882009991794,
cbr-burst,mean-4fps,4,"[0, 8, 9]",[6],0.00882246610115578,0.008968092782853931,0.00532190552122791,0.005466030879624606,0.205799670999113,4.11737620599888,0.15838242700556293,4.481558304003556,21.5,0.8958333333333334,1.5383882009991794,
cbr-burst,mean-4fps,5,"[0, 8, 9]","[6, 10]",0.00882246610115578,0.03518862304848769,0.00532190552122791,0.031376397172689696,0.205799670999113,5.294285461997788,0.15838242700556293,5.658467560002464,27.375,1.140625,1.5383882009991794,0.0
cbr-burst,mean-4fps,6,"[0, 8, 9]","[6, 10, 5]",0.00882246610115578,0.026448446293276584,0.00532190552122791,0.022739608408334666,0.205799670999113,5.7687623989986605,0.15838242700556293,6.132944497003336,33.25,1.3854166666666667,1.5383882009991794,0.0
cbr-burst,mean-8fps,3,"[0, 8, 9]",[],0.009381046438196927,0.009381046438196927,0.005873874978917781,0.005873874978917781,0.20340563599893358,3.700176988997555,0.15838242700556293,4.061965052002051,15.625,0.6510416666666666,1.5383882009991794,
cbr-burst,mean-8fps,4,"[0, 8, 9]",[6],0.00882246610115578,0.008968092782853931,0.00532190552122791,0.005466030879624606,0.20340563599893358,4.11737620599888,0.15838242700556293,4.479164269003377,21.5,0.8958333333333334,1.5383882009991794,
cbr-burst,mean-8fps,5,"[0, 8, 9]","[6, 10]",0.00882246610115578,0.03518862304848769,0.00532190552122791,0.031376397172689696,0.20340563599893358,5.294285461997788,0.15838242700556293,5.656073525002284,27.375,1.140625,1.5383882009991794,0.0
cbr-burst,mean-8fps,6,"[0, 8, 9]","[6, 10, 5]",0.00882246610115578,0.026448446293276584,0.00532190552122791,0.022739608408334666,0.20340563599893358,5.7687623989986605,0.15838242700556293,6.130550462003157,33.25,1.3854166666666667,1.5383882009991794,0.0
cbr-burst,mean-max-1fps,3,"[0, 9, 10]",[],-0.1728635465817211,-0.16702058133583597,-0.17421382683491515,-0.1684396130080802,0.20923224199941615,3.097899699998379,0.15838242700556293,3.4655143690033583,15.625,0.6510416666666666,1.5383882009991794,
cbr-burst,mean-max-1fps,4,"[0, 9, 10]",[6],-0.17342212691876224,-0.16743353499117908,-0.17476579629260514,-0.16884745710737337,0.20923224199941615,3.5150989169997047,0.15838242700556293,3.8827135860046837,21.5,0.8958333333333334,1.5383882009991794,
cbr-burst,mean-max-1fps,5,"[0, 9, 10]","[6, 8]",0.6466785416708689,0.6525943202576032,0.63562962849389,0.6414743717514297,0.20923224199941615,5.294285461997788,0.15838242700556293,5.661900131002767,27.375,1.140625,1.5383882009991794,466135.0803616372
cbr-burst,mean-max-1fps,6,"[0, 9, 10]","[6, 8, 5]",0.3733116521409918,0.3792517018413424,0.3654973091488938,0.37136658438233083,0.20923224199941615,5.7687623989986605,0.15838242700556293,6.13637706800364,33.25,1.3854166666666667,1.5383882009991794,287704.8177385982
cbr-burst,mean-max-2fps,3,"[0, 8, 9]",[],0.009381046438196927,0.009381046438196927,0.005873874978917781,0.005873874978917781,0.2887216579983942,3.700176988997555,0.15838242700556293,4.147281074001512,15.625,0.6510416666666666,1.5383882009991794,
cbr-burst,mean-max-2fps,4,"[0, 8, 9]",[6],0.00882246610115578,0.008968092782853931,0.00532190552122791,0.005466030879624606,0.2887216579983942,4.11737620599888,0.15838242700556293,4.5644802910028375,21.5,0.8958333333333334,1.5383882009991794,
cbr-burst,mean-max-2fps,5,"[0, 8, 9]","[6, 10]",0.00882246610115578,0.03518862304848769,0.00532190552122791,0.031376397172689696,0.2887216579983942,5.294285461997788,0.15838242700556293,5.741389547001745,27.375,1.140625,1.5383882009991794,0.0
cbr-burst,mean-max-2fps,6,"[0, 8, 9]","[6, 10, 5]",0.00882246610115578,0.026448446293276584,0.00532190552122791,0.022739608408334666,0.2887216579983942,5.7687623989986605,0.15838242700556293,6.215866484002618,33.25,1.3854166666666667,1.5383882009991794,0.0
cbr-burst,mean-max-4fps,3,"[0, 8, 9]",[],0.009381046438196927,0.009381046438196927,0.005873874978917781,0.005873874978917781,0.205799670999113,3.700176988997555,0.15838242700556293,4.064359087002231,15.625,0.6510416666666666,1.5383882009991794,
cbr-burst,mean-max-4fps,4,"[0, 8, 9]",[6],0.00882246610115578,0.008968092782853931,0.00532190552122791,0.005466030879624606,0.205799670999113,4.11737620599888,0.15838242700556293,4.481558304003556,21.5,0.8958333333333334,1.5383882009991794,
cbr-burst,mean-max-4fps,5,"[0, 8, 9]","[6, 10]",0.00882246610115578,0.03518862304848769,0.00532190552122791,0.031376397172689696,0.205799670999113,5.294285461997788,0.15838242700556293,5.658467560002464,27.375,1.140625,1.5383882009991794,0.0
cbr-burst,mean-max-4fps,6,"[0, 8, 9]","[6, 10, 5]",0.00882246610115578,0.026448446293276584,0.00532190552122791,0.022739608408334666,0.205799670999113,5.7687623989986605,0.15838242700556293,6.132944497003336,33.25,1.3854166666666667,1.5383882009991794,0.0
cbr-burst,mean-max-8fps,3,"[0, 8, 9]",[],0.009381046438196927,0.009381046438196927,0.005873874978917781,0.005873874978917781,0.20340563599893358,3.700176988997555,0.15838242700556293,4.061965052002051,15.625,0.6510416666666666,1.5383882009991794,
cbr-burst,mean-max-8fps,4,"[0, 8, 9]",[6],0.00882246610115578,0.008968092782853931,0.00532190552122791,0.005466030879624606,0.20340563599893358,4.11737620599888,0.15838242700556293,4.479164269003377,21.5,0.8958333333333334,1.5383882009991794,
cbr-burst,mean-max-8fps,5,"[0, 8, 9]","[6, 10]",0.00882246610115578,0.03518862304848769,0.00532190552122791,0.031376397172689696,0.20340563599893358,5.294285461997788,0.15838242700556293,5.656073525002284,27.375,1.140625,1.5383882009991794,0.0
cbr-burst,mean-max-8fps,6,"[0, 8, 9]","[6, 10, 5]",0.00882246610115578,0.026448446293276584,0.00532190552122791,0.022739608408334666,0.20340563599893358,5.7687623989986605,0.15838242700556293,6.130550462003157,33.25,1.3854166666666667,1.5383882009991794,0.0
alternating,uniform3,3,"[2, 6, 10]",[],-0.8079424547180216,-0.8056333911925618,-0.8069515829620749,-0.8046464172466428,0,2.9245800500066252,0.16796535400499124,3.0925454040116165,17.625,0.734375,5.353323096001986,
alternating,uniform3,4,"[2, 6, 10]",[7],-0.7981210014848736,-0.7974983694963717,-0.7971463679198524,-0.7965247315017999,0,4.701314696008922,0.16796535400499124,4.869280050013913,23.5,0.9791666666666666,5.353323096001986,
alternating,uniform3,5,"[2, 6, 10]","[7, 9]",-0.7911219034574982,-0.7868975516661322,-0.790158841773682,-0.7859414606292577,0,6.640470077007194,0.16796535400499124,6.808435431012185,29.375,1.2239583333333333,5.353323096001986,25923.07134581086
alternating,uniform3,6,"[2, 6, 10]","[7, 9, 5]",-0.7930584777330866,-0.78754119764385,-0.7920922142356404,-0.7865840163608049,0,8.75542994600255,0.16796535400499124,8.923395300007542,35.25,1.46875,5.353323096001986,15365.504677686315
alternating,mean-4fps,3,"[5, 4, 0]",[],-0.034835001871569404,-0.02735449717509364,-0.035122338760231187,-0.027654143842625878,0.8093042360051186,6.009693073996459,0.16796535400499124,6.986962664006569,15.625,0.6510416666666666,5.353323096001986,
alternating,mean-4fps,4,"[5, 4, 0]",[8],-0.053344251615121574,-0.0458637469186457,-0.05360098644071909,-0.04613279152311378,0.8093042360051186,7.755060201998276,0.16796535400499124,8.732329792008386,21.5,0.8958333333333334,5.353323096001986,
alternating,mean-4fps,5,"[5, 4, 0]","[8, 10]",-0.05003650274639715,-0.045380232744041904,-0.050298825261687496,-0.045650220995906654,0.8093042360051186,8.780463035996945,0.16796535400499124,9.757732626007055,27.375,1.140625,5.353323096001986,12251.151445884587
alternating,mean-4fps,6,"[5, 4, 0]","[8, 10, 7]",-0.04536579418832465,-0.04226161418675456,-0.04563572010814332,-0.04253657135779898,0.8093042360051186,10.557197681999241,0.16796535400499124,11.534467272009351,33.25,1.3854166666666667,5.353323096001986,17303.033086716332
alternating,mean-8fps,3,"[5, 4, 6]",[],-0.03635868793937824,-0.029521969149515548,-0.03664350565855545,-0.029818104191968953,0.8038701440018485,5.11562027400214,0.16796535400499124,6.08745577200898,17.625,0.734375,5.353323096001986,
alternating,mean-8fps,4,"[5, 4, 6]",[8],-0.05486793768293041,-0.04803121889306772,-0.055122153339043356,-0.048296751872456856,0.8038701440018485,6.860987402003957,0.16796535400499124,7.832822900010797,23.5,0.9791666666666666,5.353323096001986,
alternating,mean-8fps,5,"[5, 4, 6]","[8, 10]",-0.05156018881420599,-0.04754770471846381,-0.05181975444054032,-0.04781394362577818,0.8038701440018485,7.886390236002626,0.16796535400499124,8.858225734009466,29.375,1.2239583333333333,5.353323096001986,12251.151445884587
alternating,mean-8fps,6,"[5, 4, 6]","[8, 10, 7]",-0.0468894802561336,-0.04442908616117647,-0.047156887006467585,-0.044700531707141944,0.8038701440018485,9.663124882004922,0.16796535400499124,10.634960380011762,35.25,1.46875,5.353323096001986,17303.033086716332
alternating,mean-max-1fps,3,"[6, 0, 4]",[],-0.04584583030532774,-0.04415939876836994,-0.04611496256274905,-0.04443143326536936,0.7810319760028506,4.85096164400602,0.16796535400499124,5.799958974013862,15.625,0.6510416666666666,5.353323096001986,
alternating,mean-max-1fps,4,"[6, 0, 4]",[8],-0.06435508004887991,-0.06266864851192211,-0.06459361024323695,-0.06291008094585726,0.7810319760028506,6.596328772007837,0.16796535400499124,7.545326102015679,21.5,0.8958333333333334,5.353323096001986,
alternating,mean-max-1fps,5,"[6, 0, 4]","[8, 10]",-0.05554191696327626,-0.05378268354067994,-0.05579489944347493,-0.0540386279878069,0.7810319760028506,7.621731606006506,0.16796535400499124,8.570728936014348,27.375,1.140625,5.353323096001986,32641.956800259388
alternating,mean-max-1fps,6,"[6, 0, 4]","[8, 10, 7]",-0.0490360703329108,-0.04786324805117992,-0.04929992804231598,-0.04812915964502773,0.7810319760028506,9.398466252008802,0.16796535400499124,10.347463582016644,33.25,1.3854166666666667,5.353323096001986,28321.496252846533
alternating,mean-max-2fps,3,"[5, 8, 0]",[],-0.0389481684812476,-0.03146766378477184,-0.039228704911450696,-0.0317605099938455,0.749584026998491,5.71062823599641,0.16796535400499124,6.628177616999892,15.625,0.6510416666666666,5.353323096001986,
alternating,mean-max-2fps,4,"[5, 8, 0]",[7],-0.04013754368185796,-0.04013754368185796,-0.04041611367174602,-0.04041611367174602,0.749584026998491,7.487362881998706,0.16796535400499124,8.404912263002188,21.5,0.8958333333333334,5.353323096001986,
alternating,mean-max-2fps,5,"[5, 8, 0]","[7, 10]",-0.045489732084604495,-0.04457371443048708,-0.04575933423333922,-0.04484506514583253,0.749584026998491,8.512765715997375,0.16796535400499124,9.430315097000857,27.375,1.140625,5.353323096001986,19823.291698151446
alternating,mean-max-2fps,6,"[5, 8, 0]","[7, 10, 6]",-0.04697948702807164,-0.045806664746340764,-0.04724674496670622,-0.046075976569417976,0.749584026998491,9.468994155002292,0.16796535400499124,10.386543536005775,33.25,1.3854166666666667,5.353323096001986,11763.11922918407
alternating,mean-max-4fps,3,"[2, 8, 6]",[],-0.30373880511009876,-0.3018434758968941,-0.3035815528739214,-0.3016893058805379,0.8093042360051186,3.6445443440097733,0.16796535400499124,4.621813934019883,17.625,0.734375,5.353323096001986,
alternating,mean-max-4fps,4,"[2, 8, 6]",[7],-0.29435238460798474,-0.2941650033261006,-0.2942106513061853,-0.2940235660820907,0.8093042360051186,5.42127899001207,0.16796535400499124,6.3985485800221795,23.5,0.9791666666666666,5.353323096001986,
alternating,mean-max-4fps,5,"[2, 8, 6]","[7, 10]",-0.2997045730107313,-0.29860117407472975,-0.2995538718677785,-0.2984525175561773,0.8093042360051186,6.446681824010739,0.16796535400499124,7.4239514140208485,29.375,1.2239583333333333,5.353323096001986,19823.291698151446
alternating,mean-max-4fps,6,"[2, 8, 6]","[7, 10, 5]",-0.2975240518096124,-0.29423249052615796,-0.29737707466697283,-0.2940908406925339,0.8093042360051186,8.561641693006095,0.16796535400499124,9.538911283016205,35.25,1.46875,5.353323096001986,12968.486804558195
alternating,mean-max-8fps,3,"[5, 6, 4]",[],-0.03635868793937824,-0.029521969149515548,-0.03664350565855545,-0.029818104191968953,0.8038701440018485,5.11562027400214,0.16796535400499124,6.08745577200898,17.625,0.734375,5.353323096001986,
alternating,mean-max-8fps,4,"[5, 6, 4]",[8],-0.05486793768293041,-0.04803121889306772,-0.055122153339043356,-0.048296751872456856,0.8038701440018485,6.860987402003957,0.16796535400499124,7.832822900010797,23.5,0.9791666666666666,5.353323096001986,
alternating,mean-max-8fps,5,"[5, 6, 4]","[8, 10]",-0.05156018881420599,-0.04754770471846381,-0.05181975444054032,-0.04781394362577818,0.8038701440018485,7.886390236002626,0.16796535400499124,8.858225734009466,29.375,1.2239583333333333,5.353323096001986,12251.151445884587
alternating,mean-max-8fps,6,"[5, 6, 4]","[8, 10, 7]",-0.0468894802561336,-0.04442908616117647,-0.047156887006467585,-0.044700531707141944,0.8038701440018485,9.663124882004922,0.16796535400499124,10.634960380011762,35.25,1.46875,5.353323096001986,17303.033086716332
screen,uniform3,3,"[2, 6, 10]",[],-0.06953648429085202,-0.0009288903841289109,-0.08425314297890474,-0.020191774984018807,0,1.7457582529968931,0.15586011699633673,1.9016183699932299,17.625,0.734375,1.3435161840025103,
screen,uniform3,4,"[2, 6, 10]",[7],-0.07011154316592727,-0.0025696436721356353,-0.08479011293415728,-0.021725974856168784,0,2.3525685829954455,0.15586011699633673,2.508428699991782,23.5,0.9791666666666666,1.3435161840025103,
screen,uniform3,5,"[2, 6, 10]","[7, 9]",-0.07853204812238712,-0.010126630833065975,-0.09265714894523758,-0.02877477093543579,0,2.9042489859930356,0.15586011699633673,3.0601091029893723,29.375,1.2239583333333333,1.3435161840025103,813.5685281523616
screen,uniform3,6,"[2, 6, 10]","[7, 9, 5]",-0.0782445186848495,-0.01006963193624022,-0.09238440230129985,-0.02872363093969743,0,3.5098392269937904,0.15586011699633673,3.665699343990127,35.25,1.46875,1.3435161840025103,435.6305774391876
screen,mean-4fps,3,"[7, 0, 5]",[],-0.05561640834656878,0.006988153004780395,-0.07125506072874499,-0.012793522267206425,0.16567134300566977,1.6987423350001336,0.15586011699633673,2.02027379500214,15.625,0.6510416666666666,1.3435161840025103,
screen,mean-4fps,4,"[7, 0, 5]",[8],-0.07557916643846874,-0.012670748671887888,-0.08989558917536755,-0.031152780737268237,0.16567134300566977,2.2329854920026264,0.15586011699633673,2.554516952004633,21.5,0.8958333333333334,1.3435161840025103,
screen,mean-4fps,5,"[7, 0, 5]","[8, 10]",-0.05738266060572872,0.00548215596222601,-0.0729000639249947,-0.014199872150010617,0.16567134300566977,2.7646519650006667,0.15586011699633673,3.086183425002673,27.375,1.140625,1.3435161840025103,1758.1017462024204
screen,mean-4fps,6,"[7, 0, 5]","[8, 10, 6]",-0.056602223560983655,0.006531072739079713,-0.072175580652035,-0.013219688898359228,0.16567134300566977,3.3884043819998624,0.15586011699633673,3.709935842001869,33.25,1.3854166666666667,1.3435161840025103,942.3343355731023
screen,mean-8fps,3,"[7, 5, 0]",[],-0.05561640834656878,0.006988153004780395,-0.07125506072874499,-0.012793522267206425,0.1831907579980907,1.6987423350001336,0.15586011699633673,2.037793209994561,15.625,0.6510416666666666,1.3435161840025103,
screen,mean-8fps,4,"[7, 5, 0]",[8],-0.07557916643846874,-0.012670748671887888,-0.08989558917536755,-0.031152780737268237,0.1831907579980907,2.2329854920026264,0.15586011699633673,2.572036366997054,21.5,0.8958333333333334,1.3435161840025103,
screen,mean-8fps,5,"[7, 5, 0]","[8, 10]",-0.05738266060572872,0.00548215596222601,-0.0729000639249947,-0.014199872150010617,0.1831907579980907,2.7646519650006667,0.15586011699633673,3.103702839995094,27.375,1.140625,1.3435161840025103,1758.1017462024204
screen,mean-8fps,6,"[7, 5, 0]","[8, 10, 6]",-0.056602223560983655,0.006531072739079713,-0.072175580652035,-0.013219688898359228,0.1831907579980907,3.3884043819998624,0.15586011699633673,3.72745525699429,33.25,1.3854166666666667,1.3435161840025103,942.3343355731023
screen,mean-max-1fps,3,"[7, 0, 5]",[],-0.05561640834656878,0.006988153004780395,-0.07125506072874499,-0.012793522267206425,0.20922480899753282,1.6987423350001336,0.15586011699633673,2.063827260994003,15.625,0.6510416666666666,1.3435161840025103,
screen,mean-max-1fps,4,"[7, 0, 5]",[8],-0.07557916643846874,-0.012670748671887888,-0.08989558917536755,-0.031152780737268237,0.20922480899753282,2.2329854920026264,0.15586011699633673,2.598070417996496,21.5,0.8958333333333334,1.3435161840025103,
screen,mean-max-1fps,5,"[7, 0, 5]","[8, 10]",-0.05738266060572872,0.00548215596222601,-0.0729000639249947,-0.014199872150010617,0.20922480899753282,2.7646519650006667,0.15586011699633673,3.1297368909945362,27.375,1.140625,1.3435161840025103,1758.1017462024204
screen,mean-max-1fps,6,"[7, 0, 5]","[8, 10, 6]",-0.056602223560983655,0.006531072739079713,-0.072175580652035,-0.013219688898359228,0.20922480899753282,3.3884043819998624,0.15586011699633673,3.753489307993732,33.25,1.3854166666666667,1.3435161840025103,942.3343355731023
screen,mean-max-2fps,3,"[7, 0, 5]",[],-0.05561640834656878,0.006988153004780395,-0.07125506072874499,-0.012793522267206425,0.1970460020020255,1.6987423350001336,0.15586011699633673,2.051648453998496,15.625,0.6510416666666666,1.3435161840025103,
screen,mean-max-2fps,4,"[7, 0, 5]",[8],-0.07557916643846874,-0.012670748671887888,-0.08989558917536755,-0.031152780737268237,0.1970460020020255,2.2329854920026264,0.15586011699633673,2.5858916110009886,21.5,0.8958333333333334,1.3435161840025103,
screen,mean-max-2fps,5,"[7, 0, 5]","[8, 10]",-0.05738266060572872,0.00548215596222601,-0.0729000639249947,-0.014199872150010617,0.1970460020020255,2.7646519650006667,0.15586011699633673,3.117558083999029,27.375,1.140625,1.3435161840025103,1758.1017462024204
screen,mean-max-2fps,6,"[7, 0, 5]","[8, 10, 6]",-0.056602223560983655,0.006531072739079713,-0.072175580652035,-0.013219688898359228,0.1970460020020255,3.3884043819998624,0.15586011699633673,3.7413105009982246,33.25,1.3854166666666667,1.3435161840025103,942.3343355731023
screen,mean-max-4fps,3,"[6, 5, 4]",[],-0.0897365682677036,-0.020868406187164124,-0.10311527807372678,-0.03880673343277219,0.16567134300566977,1.9641825989965582,0.15586011699633673,2.2857140589985647,17.625,0.734375,1.3435161840025103,
screen,mean-max-4fps,4,"[6, 5, 4]",[8],-0.1102743852346788,-0.04216806115183913,-0.122292776475602,-0.05870019177498398,0.16567134300566977,2.498425755999051,0.15586011699633673,2.8199572160010575,23.5,0.9791666666666666,1.3435161840025103,
screen,mean-max-4fps,5,"[6, 5, 4]","[8, 10]",-0.09207787940193879,-0.024015156517725122,-0.10530577455785217,-0.04174728318772636,0.16567134300566977,3.0300922289970913,0.15586011699633673,3.351623688999098,29.375,1.2239583333333333,1.3435161840025103,1758.1017462024204
screen,mean-max-4fps,6,"[6, 5, 4]","[8, 10, 7]",-0.09148912864888548,-0.02351315750354044,-0.10475175793735347,-0.04127849989345833,0.16567134300566977,3.6369025589956436,0.15586011699633673,3.95843401899765,35.25,1.46875,1.3435161840025103,941.2194218140636
screen,mean-max-8fps,3,"[6, 5, 4]",[],-0.0897365682677036,-0.020868406187164124,-0.10311527807372678,-0.03880673343277219,0.1831907579980907,1.9641825989965582,0.15586011699633673,2.3032334739909857,17.625,0.734375,1.3435161840025103,
screen,mean-max-8fps,4,"[6, 5, 4]",[8],-0.1102743852346788,-0.04216806115183913,-0.122292776475602,-0.05870019177498398,0.1831907579980907,2.498425755999051,0.15586011699633673,2.8374766309934785,23.5,0.9791666666666666,1.3435161840025103,
screen,mean-max-8fps,5,"[6, 5, 4]","[8, 10]",-0.09207787940193879,-0.024015156517725122,-0.10530577455785217,-0.04174728318772636,0.1831907579980907,3.0300922289970913,0.15586011699633673,3.3691431039915187,29.375,1.2239583333333333,1.3435161840025103,1758.1017462024204
screen,mean-max-8fps,6,"[6, 5, 4]","[8, 10, 7]",-0.09148912864888548,-0.02351315750354044,-0.10475175793735347,-0.04127849989345833,0.1831907579980907,3.6369025589956436,0.15586011699633673,3.975953433990071,35.25,1.46875,1.3435161840025103,941.2194218140636
pedestrians,uniform3,3,"[3, 10, 16]",[],-0.09615741217677964,-0.006848121385156447,-0.09707332588355555,-0.008601261699808016,0,2.2816113570079324,0.15223053399677156,2.433841891004704,25.5,0.6375,2.058061991003342,
pedestrians,uniform3,4,"[3, 10, 16]",[11],-0.15993441159300847,-0.06896545938865906,-0.16025186372009248,-0.07013676635421817,0,3.0735789880127413,0.15223053399677156,3.225809522009513,34.0,0.85,2.058061991003342,
pedestrians,uniform3,5,"[3, 10, 16]","[11, 15]",-0.0975584629648707,-0.0073902085060527645,-0.0984612296895756,-0.009138734252139291,0,3.796567525008868,0.15223053399677156,3.9487980590056395,42.5,1.0625,2.058061991003342,34125.153406248595
pedestrians,uniform3,6,"[3, 10, 16]","[11, 15, 17]",-0.09849249682359806,-0.008709001574130792,-0.09938649889358897,-0.010444996657805183,0,4.546105226014333,0.15223053399677156,4.698335760011105,50.5,1.2625,2.058061991003342,19040.502076713557
pedestrians,mean-4fps,3,"[10, 17, 9]",[],-0.03736822224511516,0.05025649794970133,-0.038835793630950244,0.047966023570552574,0.30603293899912387,2.4112304210138973,0.15223053399677156,2.8694938940097927,25.0,0.625,2.058061991003342,
pedestrians,mean-4fps,4,"[10, 17, 9]",[11],-0.1011452216613441,-0.01186084005380128,-0.10201433146748717,-0.0135677802213503,0.30603293899912387,3.203198052018706,0.15223053399677156,3.6614615250146016,33.5,0.8375,2.058061991003342,
pedestrians,mean-4fps,5,"[10, 17, 9]","[11, 15]",-0.1338801895539301,-0.04456837070178732,-0.13444127517063909,-0.04596921098689144,0.30603293899912387,3.926186589014833,0.15223053399677156,4.384450062010728,42.0,1.05,2.058061991003342,17908.918832525876
pedestrians,mean-4fps,6,"[10, 17, 9]","[11, 15, 16]",-0.10030848299623418,-0.011460592376247636,-0.10118601142639427,-0.013171479257131247,0.30603293899912387,4.669104868014983,0.15223053399677156,5.127368341010879,50.5,1.2625,2.058061991003342,20362.43383728423
pedestrians,mean-8fps,3,"[10, 17, 9]",[],-0.03736822224511516,0.05025649794970133,-0.038835793630950244,0.047966023570552574,0.28631193099863594,2.4112304210138973,0.15223053399677156,2.849772886009305,25.0,0.625,2.058061991003342,
pedestrians,mean-8fps,4,"[10, 17, 9]",[11],-0.1011452216613441,-0.01186084005380128,-0.10201433146748717,-0.0135677802213503,0.28631193099863594,3.203198052018706,0.15223053399677156,3.6417405170141137,33.5,0.8375,2.058061991003342,
pedestrians,mean-8fps,5,"[10, 17, 9]","[11, 15]",-0.1338801895539301,-0.04456837070178732,-0.13444127517063909,-0.04596921098689144,0.28631193099863594,3.926186589014833,0.15223053399677156,4.36472905401024,42.0,1.05,2.058061991003342,17908.918832525876
pedestrians,mean-8fps,6,"[10, 17, 9]","[11, 15, 16]",-0.10030848299623418,-0.011460592376247636,-0.10118601142639427,-0.013171479257131247,0.28631193099863594,4.669104868014983,0.15223053399677156,5.107647333010391,50.5,1.2625,2.058061991003342,20362.43383728423
pedestrians,mean-max-1fps,3,"[10, 17, 9]",[],-0.03736822224511516,0.05025649794970133,-0.038835793630950244,0.047966023570552574,0.29184207299840637,2.4112304210138973,0.15223053399677156,2.855303028009075,25.0,0.625,2.058061991003342,
pedestrians,mean-max-1fps,4,"[10, 17, 9]",[11],-0.1011452216613441,-0.01186084005380128,-0.10201433146748717,-0.0135677802213503,0.29184207299840637,3.203198052018706,0.15223053399677156,3.647270659013884,33.5,0.8375,2.058061991003342,
pedestrians,mean-max-1fps,5,"[10, 17, 9]","[11, 15]",-0.1338801895539301,-0.04456837070178732,-0.13444127517063909,-0.04596921098689144,0.29184207299840637,3.926186589014833,0.15223053399677156,4.370259196010011,42.0,1.05,2.058061991003342,17908.918832525876
pedestrians,mean-max-1fps,6,"[10, 17, 9]","[11, 15, 16]",-0.10030848299623418,-0.011460592376247636,-0.10118601142639427,-0.013171479257131247,0.29184207299840637,4.669104868014983,0.15223053399677156,5.113177475010161,50.5,1.2625,2.058061991003342,20362.43383728423
pedestrians,mean-max-2fps,3,"[12, 17, 9]",[],-0.031139040554926,0.057771549270871914,-0.03266506445418471,0.05541069876534399,0.29582785299862735,2.42764322100993,0.15223053399677156,2.875701608005329,25.0,0.625,2.058061991003342,
pedestrians,mean-max-2fps,4,"[12, 17, 9]",[10],-0.06018165584973045,0.026898755786869843,-0.061435153766475015,0.024827490020189247,0.29582785299862735,3.2283975800164626,0.15223053399677156,3.6764559670118615,33.5,0.8375,2.058061991003342,
pedestrians,mean-max-2fps,5,"[12, 17, 9]","[10, 15]",-0.12480512345043093,-0.03686744386286733,-0.12545221681914898,-0.03833914177879605,0.29582785299862735,3.9513861170125892,0.15223053399677156,4.399444504007988,42.0,1.05,2.058061991003342,35354.74480179429
pedestrians,mean-max-2fps,6,"[12, 17, 9]","[10, 15, 16]",-0.09218204503050487,-0.003821624043243932,-0.09313582917897667,-0.005604341961808812,0.29582785299862735,4.69430439601274,0.15223053399677156,5.142362783008139,50.5,1.2625,2.058061991003342,26195.04466709517
pedestrians,mean-max-4fps,3,"[12, 18, 5]",[],-0.040333436351773666,0.05032188290436834,-0.041773183181191165,0.048030656345833034,0.30603293899912387,2.2033102020068327,0.15223053399677156,2.661573675002728,23.0,0.575,2.058061991003342,
pedestrians,mean-max-4fps,4,"[12, 18, 5]",[10],-0.06937605164657812,0.019449089420366494,-0.07054327249348147,0.01744914846318557,0.30603293899912387,3.004064561013365,0.15223053399677156,3.4623280340092606,31.5,0.7875,2.058061991003342,
pedestrians,mean-max-4fps,5,"[12, 18, 5]","[10, 15]",-0.1339995192472786,-0.04431711022937068,-0.13456033554615543,-0.045719184198307006,0.30603293899912387,3.727053098009492,0.15223053399677156,4.185316571005387,40.0,1.0,2.058061991003342,35354.74480179429
pedestrians,mean-max-4fps,6,"[12, 18, 5]","[10, 15, 16]",-0.09243501253391029,-0.0026830361961308613,-0.0933858559675611,-0.004476670119417547,0.30603293899912387,4.469971377009642,0.15223053399677156,4.928234850005538,48.5,1.2125,2.058061991003342,29520.950255708234
pedestrians,mean-max-8fps,3,"[12, 18, 5]",[],-0.029547405652278425,0.0611437247759683,-0.03108836490984579,0.0587511927298332,0.28631193099863594,2.2033102020068327,0.15223053399677156,2.64185266700224,23.0,0.575,2.058061991003342,
pedestrians,mean-max-8fps,4,"[12, 18, 5]",[10],-0.05859002094708288,0.03027093129196623,-0.05985845422213609,0.02816798398467868,0.28631193099863594,3.004064561013365,0.15223053399677156,3.4426070260087727,31.5,0.7875,2.058061991003342,
pedestrians,mean-max-8fps,5,"[12, 18, 5]","[10, 15]",-0.12321348854778336,-0.033495268357770946,-0.12387551727481005,-0.034998647814306616,0.28631193099863594,3.727053098009492,0.15223053399677156,4.165595563004899,40.0,1.0,2.058061991003342,35354.74480179429
pedestrians,mean-max-8fps,6,"[12, 18, 5]","[10, 15, 16]",-0.08164898183441505,0.008138805675468985,-0.08270103769621573,0.006243866264582731,0.28631193099863594,4.469971377009642,0.15223053399677156,4.90851384200505,48.5,1.2125,2.058061991003342,29520.950255708234
megamind,uniform3,3,"[0, 2, 4]",[],0.0049241364300594,0.0049241364300594,0.003383006896129359,0.003383006896129359,0,2.8194543330027955,0.154351574004977,2.9738059070077725,14.681348,1.3435114811183506,1.8399664699973073,
megamind,uniform3,4,"[0, 2, 4]",[3],0.03192721450113489,0.03192721450113489,0.0299763495671741,0.0299763495671741,0,3.8832596660067793,0.154351574004977,4.037611240011756,20.562229,1.8816794438007123,1.8399664699973073,
megamind,uniform3,5,"[0, 2, 4]","[3, 1]",2.7205173646738245e-05,0.004917547481723572,-0.0014350990792404428,0.0033791799652513888,0,4.9299437860099715,0.154351574004977,5.0842953600149485,26.443109999999997,2.4198474064830737,1.8399664699973073,0.0
megamind,mean-4fps,3,"[1, 4, 2]",[],-0.031872804153841416,-0.02209211953768775,-0.032850374656532955,-0.02321798963667121,0.25119284899847116,3.0330092000076547,0.154351574004977,3.438553623011103,16.683349999999997,1.5267175921799436,1.8399664699973073,
megamind,mean-4fps,4,"[1, 4, 2]",[3],-0.004869726082765924,0.004910958533387744,-0.006257031985488326,0.003371526103495448,0.25119284899847116,4.096814533011639,0.154351574004977,4.502358956015087,22.564231,2.0648855548623057,1.8399664699973073,
megamind,mean-4fps,5,"[1, 4, 2]","[3, 0]",2.7205173646738245e-05,0.004917547481723572,-0.0014350990792404428,0.0033791799652513888,0.25119284899847116,4.9299437860099715,0.154351574004977,5.33548820901342,26.443109999999997,2.4198474064830737,1.8399664699973073,0.0
megamind,mean-8fps,3,"[0, 4, 2]",[],0.0049241364300594,0.0049241364300594,0.003383006896129359,0.003383006896129359,0.2521927859997959,2.8194543330027955,0.154351574004977,3.2259986930075684,14.681348,1.3435114811183506,1.8399664699973073,
megamind,mean-8fps,4,"[0, 4, 2]",[3],0.03192721450113489,0.03192721450113489,0.0299763495671741,0.0299763495671741,0.2521927859997959,3.8832596660067793,0.154351574004977,4.289804026011552,20.562229,1.8816794438007123,1.8399664699973073,
megamind,mean-8fps,5,"[0, 4, 2]","[3, 1]",2.7205173646738245e-05,0.004917547481723572,-0.0014350990792404428,0.0033791799652513888,0.2521927859997959,4.9299437860099715,0.154351574004977,5.336488146014744,26.443109999999997,2.4198474064830737,1.8399664699973073,0.0
megamind,mean-max-1fps,3,"[2, 4, 0]",[],0.0049241364300594,0.0049241364300594,0.003383006896129359,0.003383006896129359,0.21369260400388157,2.8194543330027955,0.154351574004977,3.187498511011654,14.681348,1.3435114811183506,1.8399664699973073,
megamind,mean-max-1fps,4,"[2, 4, 0]",[3],0.03192721450113489,0.03192721450113489,0.0299763495671741,0.0299763495671741,0.21369260400388157,3.8832596660067793,0.154351574004977,4.251303844015638,20.562229,1.8816794438007123,1.8399664699973073,
megamind,mean-max-1fps,5,"[2, 4, 0]","[3, 1]",2.7205173646738245e-05,0.004917547481723572,-0.0014350990792404428,0.0033791799652513888,0.21369260400388157,4.9299437860099715,0.154351574004977,5.29798796401883,26.443109999999997,2.4198474064830737,1.8399664699973073,0.0
megamind,mean-max-2fps,3,"[2, 0, 4]",[],-0.0016400833255604264,-0.0016400833255604264,-0.003080679356769478,-0.003080679356769478,0.2298958089959342,2.8194543330027955,0.154351574004977,3.2037017160037067,14.681348,1.3435114811183506,1.8399664699973073,
megamind,mean-max-2fps,4,"[2, 0, 4]",[3],0.025362994745514955,0.025362994745514955,0.02351266331427526,0.02351266331427526,0.2298958089959342,3.8832596660067793,0.154351574004977,4.2675070490076905,20.562229,1.8816794438007123,1.8399664699973073,
megamind,mean-max-2fps,5,"[2, 0, 4]","[3, 1]",2.7205173646738245e-05,0.004917547481723572,-0.0014350990792404428,0.0033791799652513888,0.2298958089959342,4.9299437860099715,0.154351574004977,5.314191169010883,26.443109999999997,2.4198474064830737,1.8399664699973073,0.0
megamind,mean-max-4fps,3,"[2, 1, 4]",[],-0.031872804153841416,-0.02209211953768775,-0.032850374656532955,-0.02321798963667121,0.25119284899847116,3.0330092000076547,0.154351574004977,3.438553623011103,16.683349999999997,1.5267175921799436,1.8399664699973073,
megamind,mean-max-4fps,4,"[2, 1, 4]",[3],-0.004869726082765924,0.004910958533387744,-0.006257031985488326,0.003371526103495448,0.25119284899847116,4.096814533011639,0.154351574004977,4.502358956015087,22.564231,2.0648855548623057,1.8399664699973073,
megamind,mean-max-4fps,5,"[2, 1, 4]","[3, 0]",2.7205173646738245e-05,0.004917547481723572,-0.0014350990792404428,0.0033791799652513888,0.25119284899847116,4.9299437860099715,0.154351574004977,5.33548820901342,26.443109999999997,2.4198474064830737,1.8399664699973073,0.0
megamind,mean-max-8fps,3,"[2, 0, 4]",[],0.0049241364300594,0.0049241364300594,0.003383006896129359,0.003383006896129359,0.2521927859997959,2.8194543330027955,0.154351574004977,3.2259986930075684,14.681348,1.3435114811183506,1.8399664699973073,
megamind,mean-max-8fps,4,"[2, 0, 4]",[3],0.03192721450113489,0.03192721450113489,0.0299763495671741,0.0299763495671741,0.2521927859997959,3.8832596660067793,0.154351574004977,4.289804026011552,20.562229,1.8816794438007123,1.8399664699973073,
megamind,mean-max-8fps,5,"[2, 0, 4]","[3, 1]",2.7205173646738245e-05,0.004917547481723572,-0.0014350990792404428,0.0033791799652513888,0.2521927859997959,4.9299437860099715,0.154351574004977,5.336488146014744,26.443109999999997,2.4198474064830737,1.8399664699973073,0.0
